sample_id,x1,x2,y,split,baseline_prediction,simple_prediction,full_prediction
1,0.30471707975443135,1.0620910016918905,-1.6361214915927407,train,1.1327885398593345,1.0228893859681147,-1.642548182172334
2,-1.0399841062404955,-0.294876295809385,-0.9246262614264975,train,1.1327885398593345,1.4997522104061662,-0.27780075091646106
3,0.7504511958064572,0.16867281667429174,1.5804108757541808,train,1.1327885398593345,0.8648215328698062,2.022058626344122
4,0.9405647163912139,-0.14905030051156676,3.9621907120508704,train,1.1327885398593345,0.7974027848727693,3.3909538548203626
5,-1.9510351886538364,-3.3395454536280598,7.119559274776463,train,1.1327885398593345,1.822832458190382,7.1609345415510735
6,-1.302179506862318,-1.367840910249435,2.839373693892007,train,1.1327885398593345,1.592732896819914,2.4659936469433448
7,0.12784040316728537,1.5545213298822693,-2.7378039411100477,train,1.1327885398593345,1.0856140362123665,-3.5194168149594347
8,-0.3162425923435822,0.007936489003322611,-0.03113611459474186,train,1.1327885398593345,1.243096362940248,0.2980566600355655
9,-0.016801157504288795,-0.3491842976331247,2.7701987415206024,train,1.1327885398593345,1.1369073524311228,2.0148971482949025
10,-0.85304392757358,-0.40338701635868046,0.8829157973872757,train,1.1327885398593345,1.433458804459549,0.4432606453997384
11,0.8793979748628286,-0.23305663190640258,2.223152758533386,train,1.1327885398593345,0.8190939571798102,3.52132603026791
12,0.7777919354289483,0.4438395307245775,2.6663700698704083,train,1.1327885398593345,0.8551258603632337,1.235484047420955
13,0.06603069756121605,0.11251104185841593,0.2937835257902681,train,1.1327885398593345,1.107533218778705,0.7719235547146066
14,1.1272412069680329,0.8501325744817972,-0.9510106526945099,train,1.1327885398593345,0.7312028889555353,0.7163683195204316
15,0.4675093422520456,0.8484911468156848,-1.6554984655292655,train,1.1327885398593345,0.9651594018647425,-0.6495678659659716
16,-0.8592924628832382,-0.4806468345649592,-0.29768958274992086,train,1.1327885398593345,1.4356746827731834,0.6670783739791387
17,0.36875078408249884,0.6959962381307971,-0.29831382756986047,train,1.1327885398593345,1.0001815208876503,-0.3873954054089199
18,-0.9588826008289989,-1.1801294500016548,2.3487726428007294,train,1.1327885398593345,1.4709916996402823,2.6040490147920408
19,0.8784503013072725,1.2414494860921468,-1.3042798233024884,train,1.1327885398593345,0.8194300246221938,-1.000028644186516
20,-0.049925910986252896,0.9374214397853923,-1.2924141758462038,train,1.1327885398593345,1.1486541729654831,-1.9974059256941095
21,-0.18486236354526056,-0.729979602627056,3.160089441983351,train,1.1327885398593345,1.1965058284537844,2.8327984904259846
22,-0.6809295444039414,-1.0773610289518887,3.1862718686920695,train,1.1327885398593345,1.3724229760245792,2.8666672712707
23,1.2225413386740303,1.7795036727313638,-1.4835998835173378,train,1.1327885398593345,0.6974072097013253,-1.9341291989969478
24,-0.15452948206880215,-0.23842997767207785,2.0223656368808673,train,1.1327885398593345,1.1857490717223576,1.3892246259099694
25,-0.4283278221631072,0.4996305775094482,-3.463500718632002,train,1.1327885398593345,1.2828444347246724,-1.4419144018668315
26,-0.3521335504882296,-0.5472282675258939,1.5729794493367615,train,1.1327885398593345,1.2558241450310932,1.9250618851467358
27,0.5323091855533487,1.2988746942051055,-4.012215775998093,train,1.1327885398593345,0.9421798457956075,-1.8953423651886125
28,0.36544406436407834,0.37124674157453397,0.6532078308023503,train,1.1327885398593345,1.0013541618587254,0.6010955219531504
29,0.4127326115959884,0.4851233832704078,0.365462101156408,train,1.1327885398593345,0.9845845252796543,0.3503305361644018
30,0.43082100300788273,1.2834876154082486,-0.9432885654193,train,1.1327885398593345,0.978169954140688,-2.0590799866238503
31,2.1416476008704612,1.4962557942298664,1.982162211772444,train,1.1327885398593345,0.3714704047706394,0.8439948083309572
32,-0.4064150163846156,-0.8898052706626673,3.059360827471138,train,1.1327885398593345,1.2750736358559536,2.862265460386286
33,-0.5122427290715373,-0.6789327080742424,1.5119515886827526,train,1.1327885398593345,1.3126026441600294,1.996020505518659
34,-0.8137727282478777,-0.3796178122124191,0.9964690926872395,train,1.1327885398593345,1.4195323089491967,0.4520158398624995
35,0.6159794225754956,-0.4466719052479119,3.0440569235704134,train,1.1327885398593345,0.9125084020850398,3.6286588644802125
36,1.1289722927208916,1.2856603757673861,-0.600429193303724,train,1.1327885398593345,0.7305890050309503,-0.6149341953090626
37,-0.11394745765487507,-0.4144207566945459,3.001503671734655,train,1.1327885398593345,1.171357726652545,2.0129714155577534
38,-0.840156476962528,0.01656241487011545,-1.287771544524826,train,1.1327885398593345,1.4288886098600366,-0.8171102341087736
39,-0.8244812156912396,-2.0961411554932745,6.4451396743398455,train,1.1327885398593345,1.4233297917066188,5.690934977820688
40,0.6505927878247011,0.0485347651972598,2.8329826487499252,train,1.1327885398593345,0.9002336846326048,2.182771228963597
41,0.7432541712034423,-0.41727755377770726,2.7835491866091853,train,1.1327885398593345,0.8673737679057295,3.8030501850035807
42,0.543154268305195,-0.06121426517421541,3.243845460350437,train,1.1327885398593345,0.9383339231131765,2.2958893305283175
43,-0.6655097072886943,-0.38380822516558966,1.5189716062908856,train,1.1327885398593345,1.3669547373141993,0.7729600536825457
44,0.23216132306671977,0.07819308318352293,1.3316692839555282,train,1.1327885398593345,1.0486193722458785,1.2223392724683215
45,0.11668580914072822,-0.058677894056226365,0.6470818424224832,train,1.1327885398593345,1.0895697189085398,1.4018851694156047
46,0.21868859672901295,0.0794399545551739,0.33985131121693424,train,1.1327885398593345,1.0533971194518694,1.190520359841996
47,0.8714287779481898,0.819175966730518,-0.25233292119819695,train,1.1327885398593345,0.8219200227688026,0.27965539479350854
48,0.22359554877468227,-0.4262451861461187,3.2685211192796806,train,1.1327885398593345,1.0516569982738333,2.750650555366473
49,0.6789135630718949,0.9672406349969463,-1.499519946248447,train,1.1327885398593345,0.8901904683290065,-0.5742247978035593
50,0.06757906948889146,0.45166283782240346,0.2176818741304425,train,1.1327885398593345,1.1069841294952254,-0.264364620640154
51,0.28911939868998415,0.4623182815456479,-1.050471576135368,train,1.1327885398593345,1.0284206923464705,0.163351975006232
52,0.6312882258385404,0.8389506463215901,-0.4583440717265385,train,1.1327885398593345,0.9070795386030903,-0.2799825402842191
53,-1.4571558198556664,-0.9878738553993375,1.158957681060688,train,1.1327885398593345,1.6476911604882278,0.9793372131468798
54,-0.31967121635730134,0.9653070085527992,-0.09013331331408381,train,1.1327885398593345,1.2443122340558137,-2.6434245371066543
55,-0.4703726542927955,-0.42855462606574235,-0.03239708590873147,train,1.1327885398593345,1.2977545259859902,1.315616424539575
56,-0.6388778482433419,-0.6953522095954197,3.280315498789708,train,1.1327885398593345,1.3575104506156592,1.7831902509237434
57,-0.27514225122668373,-0.6722303491957736,2.6162489591212337,train,1.1327885398593345,1.228521210516425,2.468188406256897
58,1.4949413112343959,0.5765954466408147,2.6712682005623107,train,1.1327885398593345,0.6008077408789086,2.3188696339286246
59,-0.8658311156932432,-1.4393479651152397,3.704729577347437,train,1.1327885398593345,1.4379934436097717,3.591925243947395
60,0.9682783545914808,0.24134429573463367,2.657250640174294,train,1.1327885398593345,0.7875748737165404,2.2519788424710168
61,-1.6828697716158048,-1.3887040462838867,1.6466874912580327,train,1.1327885398593345,1.727734662845799,1.7388395246040438
62,-0.33488502998577485,-0.06733094688999125,1.9862729621558823,train,1.1327885398593345,1.249707411968132,0.4900123416157721
63,0.1627530651050056,0.16088768721530153,0.3863719243393841,train,1.1327885398593345,1.0732331810798903,0.8246439314747633
64,0.5862223313592781,0.009656698629594895,3.2757091390090194,train,1.1327885398593345,0.923060969980581,2.16816700020155
65,0.711226579792855,1.1090920022462618,-1.5491899673660985,train,1.1327885398593345,0.8787315088366268,-0.9418529341682542
66,0.7933472351999252,1.0783253915405087,-0.7085335506229625,train,1.1327885398593345,0.8496095833932835,-0.6769005243006041
67,-0.3487250722484376,-0.3747690422519602,0.3548944299687864,train,1.1327885398593345,1.2546154180831353,1.4035545887366192
68,-0.46235179266456716,-0.7616311209304809,2.815213497809828,train,1.1327885398593345,1.2949101388683915,2.3531692137057085
69,0.8579758812571538,1.0154374575036027,1.1147653469300332,train,1.1327885398593345,0.8266907379133825,-0.34984530549366744
70,-0.1913043248816149,-0.040259307413629264,0.660813092656804,train,1.1327885398593345,1.1987903002083786,0.705407686641109
71,-1.2756863233379219,-1.889425414319366,3.920017897578345,train,1.1327885398593345,1.5833377877388939,4.11971329187954
72,-1.1332872140034806,-0.9474179247934275,0.4610623833053944,train,1.1327885398593345,1.5328396977677436,1.5283598709864887
73,-0.9194522860016113,-0.5783403415566605,0.6668237991144506,train,1.1327885398593345,1.4570087780121157,0.8414944104600709
74,0.49716074405376404,-0.1420882766496409,0.827792058334923,train,1.1327885398593345,0.9546443139336991,2.4481918602850876
75,0.14242573607056525,0.22784662455891797,-0.3115663882544508,train,1.1327885398593345,1.0804417324202187,0.5771721374696781
76,0.6904853540677682,-0.32050520790045867,3.569272377946048,train,1.1327885398593345,0.8860868377264827,3.396784212420336
77,-0.42725264633653426,0.4599095429380749,0.08477927625410286,train,1.1327885398593345,1.2824631519632923,-1.3179344941812752
78,0.15853969107671423,0.8756017438970303,1.4994850116918408,train,1.1327885398593345,1.0747273430992823,-1.3747220052882345
79,0.6255903939673367,0.3489619145920906,0.6177099590875013,train,1.1327885398593345,0.9091001244608063,1.2100004510111588
80,-0.3093465397202384,-0.029404629072746907,1.904820964423204,train,1.1327885398593345,1.2406508596822077,0.42683825826808125
81,0.45677523755741145,-1.0805329894339954,5.398901923818457,train,1.1327885398593345,0.9689659691049652,5.240616440329212
82,-0.6619259410666513,-1.2233493490125205,3.1949485181578834,train,1.1327885398593345,1.3656838491045598,3.3536146236101816
83,-0.3630538465650718,-0.4667104293433353,2.1066180466260143,train,1.1327885398593345,1.2596967401363393,1.6555802857161868
84,-0.3817378939983291,-0.9486701280547787,3.144451079847637,train,1.1327885398593345,1.2663225449796403,3.093967930232892
85,-1.1958396455890397,-0.5280338268928366,0.3028179151126491,train,1.1327885398593345,1.5550222685217714,0.11295259811443237
86,0.4869724807855818,1.5879559030772616,-3.1982559104872905,train,1.1327885398593345,0.9582573129023801,-2.875593715793668
87,-0.46940234020272387,-1.0814907038197603,1.9075577712549825,train,1.1327885398593345,1.2974104296749267,3.318892549760047
88,0.01249411872768743,-0.49248274746896553,0.95881127734019,train,1.1327885398593345,1.1265185550446337,2.5149867929307295
89,0.48074665890590895,0.5258663481106853,1.037139156760989,train,1.1327885398593345,0.960465136496878,0.36679044808939376
90,0.4465311760299441,1.3238946299237275,-2.3553216277970077,train,1.1327885398593345,0.9725987554552582,-2.1502813501656415
91,0.6653851089727862,-0.2011165003457127,2.338030819326544,train,1.1327885398593345,0.8949879779163936,2.978695875419073
92,-0.09848548450942361,0.07063328577662625,0.5996348003744276,train,1.1327885398593345,1.1658745455099107,0.5584038697708529
93,-0.42329831204415375,0.7541406608525418,-1.3140863537303054,train,1.1327885398593345,1.281060851557019,-2.211540305693635
94,-0.07971821090639905,-1.0548300576326795,4.1854176941116386,train,1.1327885398593345,1.159219226699644,4.046967064193036
95,-1.6873344339580298,-2.118509071273923,3.3248034092647423,train,1.1327885398593345,1.729317937640861,3.9664259825599513
96,-1.4471124724230873,-1.411853941814973,3.5676298362476935,train,1.1327885398593345,1.6441295521001393,2.2997138573121654
97,-1.3226996123544024,-1.3705127375967685,4.045324491063133,train,1.1327885398593345,1.6000098112486627,2.4315406820362897
98,-0.9972468276014818,-0.31023668942899874,0.430773068406886,train,1.1327885398593345,1.4845965612457044,-0.1419099539846863
99,0.3997742267234366,0.46481521327125214,1.3787663249772069,train,1.1327885398593345,0.9891798748449248,0.38564701370747523
100,-0.9054790553600608,-1.7893604800733254,5.799083326313665,train,1.1327885398593345,1.452053540149866,4.582328236163832
101,-0.3781625540393897,0.006716198508974647,1.3536256127988104,train,1.1327885398593345,1.2650546449220639,0.17312302523176779
102,1.2992282977860654,0.6928593058154622,2.133977855238368,train,1.1327885398593345,0.6702122013971767,1.5558142003074793
103,-0.35626397106142593,0.4796571533156025,-0.5531523549947766,train,1.1327885398593345,1.257288889794588,-1.230942000780685
104,0.7375155684670865,0.21345993291151755,2.354311911546123,train,1.1327885398593345,0.8694088120759047,1.857904279601625
105,-0.933617680009877,-1.128863313869243,1.4220169070409314,train,1.1327885398593345,1.4620321615462513,2.4994196746262087
106,-0.20543755786763002,0.16032892018861475,0.8088612805584815,train,1.1327885398593345,1.2038022786838536,0.061231682693732636
107,-0.9500220549105812,-0.30226175452630316,-1.349072817368807,train,1.1327885398593345,1.4678495406262755,-0.06821700580623946
108,-0.3390330759005625,-0.002366842358727861,-0.4655650798499963,train,1.1327885398593345,1.2511784070943546,0.28227638130893257
109,0.8403081374573955,-0.3391118804649682,5.001516984117783,train,1.1327885398593345,0.8329561374664938,3.765155788749806
110,-1.7273204231923487,-1.0590356745969285,1.562686340100286,train,1.1327885398593345,1.7434979145478633,0.6360291349050353
111,0.43442364354585733,-0.2730459161679534,4.175383325281437,train,1.1327885398593345,0.9768923726524984,2.7192072507335463
112,0.2377356023322779,0.3313541488187804,0.20973437452092225,train,1.1327885398593345,1.0466426010624623,0.45798019688649383
113,-0.5941499556967944,-1.3295606257968715,2.648133124720258,train,1.1327885398593345,1.3416488827126554,3.8199969786206456
114,-1.4460578543884546,-0.8890529949849257,0.534606079107525,train,1.1327885398593345,1.6437555596176932,0.6995119799301159
115,0.07212950771386951,-0.4262557364133278,2.5250575219082965,train,1.1327885398593345,1.105370436544707,2.435926271255884
116,-0.5294927090638024,-1.1931749574073547,3.599528170434469,train,1.1327885398593345,1.3187198947925745,3.5363347837840258
117,0.23267621135470395,0.6144330509732028,0.7557337485465012,train,1.1327885398593345,1.048436780688858,-0.420175018463814
118,0.02185214552344288,0.16246842942480505,0.19502857776902505,train,1.1327885398593345,1.1231999775528698,0.5269973429598527
119,1.6017788913209154,0.9130370322209942,1.8164811577817719,train,1.1327885398593345,0.5629206097253139,1.5096863539367993
120,-0.23935562747302427,0.6792228074342188,-2.505006826683311,train,1.1327885398593345,1.2158304278667127,-1.5996705903815875
121,-1.023497492621865,-1.0831894470393375,2.6528906339180955,train,1.1327885398593345,1.493905667532939,2.172652230605045
122,0.17927563495631615,0.16268511234761374,0.8736044830554278,train,1.1327885398593345,1.067373887276679,0.8534698055248646
123,0.21999668397176517,0.33734541578457267,-0.3218562176947052,train,1.1327885398593345,1.0529332407971268,0.402754200275536
124,1.3591875752404365,0.7155504997151814,1.3358942891604764,train,1.1327885398593345,0.6489492243908754,1.6108647316113704
125,0.8351112459145785,0.9507707727716204,-0.3662655730009259,train,1.1327885398593345,0.8347990780433419,-0.19915511024323296
126,0.35687105914950934,-0.03457456097922712,1.547310671899604,train,1.1327885398593345,1.0043943521427228,1.8271291639406
127,1.4633028912195618,0.9236593196459241,2.9269690657690353,train,1.1327885398593345,0.6120274724342641,1.1893664273766436
128,-1.188763054322851,-0.13342485957627626,-1.0756975322247526,train,1.1327885398593345,1.5525127419936964,-1.0818247019944267
129,-0.6397515327497477,-1.136152857707258,2.88505939744494,train,1.1327885398593345,1.3578202797923802,3.1324358648923973
130,-0.9265759414055249,-2.1889289516821138,3.6161840146251505,train,1.1327885398593345,1.4595349945958547,5.763171382417459
131,-0.38980980315576796,0.654714354482522,-2.637970021738579,train,1.1327885398593345,1.2691850347576765,-1.8372056781558137
132,-1.3766861475563088,0.4282478535191543,-3.301189280126433,train,1.1327885398593345,1.6191547126781634,-3.193877572702
133,0.6351509468144043,0.2649591981819245,0.7895716229063923,train,1.1327885398593345,0.9057097264442622,1.4873376212650666
134,-0.22222269709877338,-1.3398809820511297,5.95690514533364,train,1.1327885398593345,1.2097546857953463,4.62451889817616
135,-1.4708062945026579,-1.3629354213196925,1.9822558995575432,train,1.1327885398593345,1.6525319414460198,2.1005404367509177
136,-1.0155790812075416,-0.9841970348704348,3.2098771915144737,train,1.1327885398593345,1.4910976116827444,1.8856938612805507
137,0.3135138474501953,0.13685677334680202,1.2781620089103525,train,1.1327885398593345,1.019769844219348,1.21159012095194
138,0.8381265678943811,0.0024684291623960908,2.706075684723151,train,1.1327885398593345,0.8337297735979718,2.713673110043341
139,1.9967308916917865,1.9451213988393157,-0.9306988608468749,train,1.1327885398593345,0.42286129515353177,-0.8329322729481978
140,2.9138624660073296,2.6457943979775154,-1.1058620102964278,train,1.1327885398593345,0.09762476121990527,-1.0746453670663412
141,0.4144094332759964,-0.5651158252707866,5.242961345414212,train,1.1327885398593345,0.983989884677909,3.572815419463981
142,-0.9895381200318641,-0.3721124570085588,-2.1823495957892702,train,1.1327885398593345,1.4818628713354847,0.06375949750881693
143,-2.132046280731309,-0.474026035417513,-3.843560199648758,train,1.1327885398593345,1.8870232698901686,-1.9980825218435212
144,0.2677114623438358,0.3173453693373045,0.040215985619644234,train,1.1327885398593345,1.0360124525811885,0.5632091881652561
145,-0.812941095310326,-0.8527479734893645,1.9468896117850103,train,1.1327885398593345,1.4192373922527386,1.9038957042931166
146,-0.41535726017968533,-0.41748773678826107,2.111853114769425,train,1.1327885398593345,1.2782447668680643,1.3960219173453516
147,-0.6120967990598081,-0.12052337906670979,0.6104637371079884,train,1.1327885398593345,1.3480132575678034,0.07698331414459059
148,-0.14079088641638526,-1.151035672437439,3.7872793315989766,train,1.1327885398593345,1.1808770409731792,4.214925718141112
149,1.0659802307876436,0.9514186064164962,1.2967483355675606,train,1.1327885398593345,0.7529274790975439,0.2786205477444166
150,0.15704856744534462,-0.10863951572141031,2.670211085207651,train,1.1327885398593345,1.0752561307837485,1.6388948827265368
151,-0.1586348370386883,0.9817871381426764,-2.07857325723384,train,1.1327885398593345,1.1872049276304582,-2.3592919761369266
152,-1.0356537528258116,-0.933026642543624,2.69042999446609,train,1.1327885398593345,1.498216564731389,1.687139254840892
153,-1.674682944704357,-0.33901378909177393,-1.0596792587012633,train,1.1327885398593345,1.72483142051595,-1.4614654886437972
154,-0.4863079090733309,-1.0512907459278689,2.6197733928540616,train,1.1327885398593345,1.3034055439830956,3.191198276181751
155,-0.05378255081832049,0.30932945942701884,0.6622633590823072,train,1.1327885398593345,1.1500218286069848,-0.08030809985197129
156,1.767929913579883,1.6059840891386439,-0.17147931767748759,train,1.1327885398593345,0.5039995300216036,-0.2689346987708241
157,0.13027452147288585,-0.41720873154056065,2.5135150843219405,train,1.1327885398593345,1.0847508403274262,2.5290263028877717
158,0.9827395110230576,0.8926292776006103,1.760544761433859,train,1.1327885398593345,0.7824466058363424,0.2858309867829787
159,-0.49929559853915206,0.3280748232676384,-3.4336877954213056,train,1.1327885398593345,1.308011285649794,-1.063569024463468
160,-1.1849437664170246,-1.1422300357055801,0.6391184041231213,train,1.1327885398593345,1.5511583322281044,2.0181163838498706
161,-0.9651167622323719,-1.7872709992877553,3.2445090470241524,train,1.1327885398593345,1.4732024806270005,4.451992777331995
162,-0.7252260645357532,-0.5907185475150701,0.9584428659048985,train,1.1327885398593345,1.3881315690732303,1.2830489657435193
163,2.1284697324351645,1.1613219290726242,1.5183655078864262,train,1.1327885398593345,0.3761435883950587,1.8431880809053798
164,-0.8213866792243861,-0.8625139065778384,0.4374427135116956,train,1.1327885398593345,1.422232395931796,1.9162779573654158
165,0.838489203736345,0.6218387011780034,-0.17369572837214664,train,1.1327885398593345,0.8336011743570086,0.8160466874879828
166,-0.9029271780870264,-1.7457330720789312,3.570503181539171,train,1.1327885398593345,1.4511485841516767,4.453912490401355
167,0.9315730128742441,-0.22413659329301128,5.992979897703414,train,1.1327885398593345,0.8005914554713152,3.6024092044184157
168,0.38495096610586316,0.5972008742000057,1.780041257358856,train,1.1327885398593345,0.9944365534283137,-0.05092093278636112
169,-0.1566378976580904,-0.43894153582828044,1.5917993944840114,train,1.1327885398593345,1.1864967657256564,1.9994143986080855
170,-0.040762526135434025,-1.5714566260006873,5.269261535424395,train,1.1327885398593345,1.145404620108027,5.711388471002027
171,-0.6547876954293904,-0.05292373437863146,-1.3000081849111806,train,1.1327885398593345,1.3631524584792154,-0.2189252554248168
172,0.44607220148208054,0.5202796143502083,-1.5768248533117304,train,1.1327885398593345,0.972761518678433,0.3118580236395798
173,-0.45498348034078,-0.7923116786945144,2.350087888993459,train,1.1327885398593345,1.2922971611580587,2.4625174731698762
174,-1.2256057637672482,-1.7705827376487433,2.862684702167708,train,1.1327885398593345,1.5655780375913995,3.85952931717753
175,-1.2779375743196193,-0.5208653216670934,-0.07812971529996819,train,1.1327885398593345,1.5841361345484544,-0.07962400530208535
176,0.17258791772211948,0.3476807077139533,-1.2980721367410986,train,1.1327885398593345,1.0697455098814308,0.27255775667765203
177,1.579091256410435,2.6928343747387915,-4.682295069705763,train,1.1327885398593345,0.5709661813184008,-3.992568014035701
178,0.15999161357343825,0.38010645009371297,0.32829097216856856,train,1.1327885398593345,1.0742124570637348,0.14699635920584475
179,-0.11863832610988256,0.1377112238693028,0.715799273956264,train,1.1327885398593345,1.1730212194818959,0.3109299331491764
180,0.2858261396025429,0.12850415361689527,1.6036117770964147,train,1.1327885398593345,1.0295885598596397,1.1796541177374074
181,1.3060017417068248,1.5348669136859343,-2.313086241801191,train,1.1327885398593345,0.6678101780831003,-1.0108772041572673
182,0.21938250136385634,0.5505571218399772,0.641779367343343,train,1.1327885398593345,1.053151044466952,-0.25201947542811864
183,-0.41092723083373717,0.42229322047212703,-1.8889458196857056,train,1.1327885398593345,1.2766737737520812,-1.1687145397193723
184,1.1062887100598888,0.5722372168655403,2.1287236841304633,train,1.1327885398593345,0.7386331396005918,1.5245814335895966
185,0.4287564384616135,0.08176066700291351,1.6015921992962934,train,1.1327885398593345,0.9789020975276518,1.619942442444044
186,1.535755991995992,0.9411428910496056,-0.1283041882347804,train,1.1327885398593345,0.586333890369056,1.2863414119146723
187,0.18323443722190613,0.6210685824849183,-0.8129345775921304,train,1.1327885398593345,1.0659700024214989,-0.5432563630477925
188,-1.2244690317205003,-0.08055056119836124,-0.8419226377821492,train,1.1327885398593345,1.5651749255393783,-1.3180847130856048
189,-1.368159199245665,-1.3698316552861125,2.986141947841606,train,1.1327885398593345,1.6161308552609168,2.3349850744769047
190,1.6509279322312496,1.0658781091091452,0.9632336396906457,train,1.1327885398593345,0.5454911981125158,1.1433609686052395
191,1.723665720783297,1.5673789109485172,1.2769735993220952,train,1.1327885398593345,0.519696659033082,-0.2425931666282759
192,-0.17951921328260065,-0.29107227063382135,2.5216891563228216,train,1.1327885398593345,1.1946110210778516,1.4986437717530505
193,-0.38318732113598775,0.2646823349751436,-0.817075763597159,train,1.1327885398593345,1.2668365461018818,-0.6279892021885035
194,1.4614442922422022,-0.181910940577666,5.218743218354347,train,1.1327885398593345,0.6126865755622096,4.574095046274465
195,-1.107045682043488,-1.381659573784927,4.864680842455992,train,1.1327885398593345,1.5235338302795962,2.9138492890500065
196,-0.8947270189558264,-1.1852314155415287,4.72672480949596,train,1.1327885398593345,1.4482406139015782,2.7530062367414865
197,0.6433267946890444,-0.8775521716804511,3.691310223596945,train,1.1327885398593345,0.9028103775403701,5.006143600292919
198,-0.3946051228595896,-0.893867164908954,1.9658581378505322,train,1.1327885398593345,1.2708855684687075,2.8992569856947616
199,-0.005121866720071296,-0.5531911628836126,4.134248541944546,train,1.1327885398593345,1.132765599862745,2.6644518755483975
200,-0.16344289852451258,-0.25141711153090823,0.3690844867060623,train,1.1327885398593345,1.1889099798785572,1.410507724490043
201,0.33757454879893356,0.9378391740353049,-2.460909557799727,train,1.1327885398593345,1.0112373508129184,-1.1934342694816726
202,1.4074818613137168,0.9789490983365521,0.39192229691873065,train,1.1327885398593345,0.6318229290466171,0.9039024976180379
203,0.09058490690174555,-0.5460203066412956,3.239457443201964,train,1.1327885398593345,1.0988257157736379,2.8413581967682937
204,0.6439387932768579,0.480978309893369,0.7425459502625126,train,1.1327885398593345,0.9025933483756929,0.8434972501365248
205,-2.0501721010310225,-1.0106335079600086,-0.7190072985876114,train,1.1327885398593345,1.8579887505582473,-0.18323179811324453
206,-0.04871840193011795,-0.6245500112130371,2.102000768054366,train,1.1327885398593345,1.1482259617130204,2.7925713792333404
207,-0.8432302702928711,-1.220929146587166,2.2639898347630467,train,1.1327885398593345,1.4299786496283602,2.9694340730628843
208,-1.218813060423628,-0.6399210727743685,-0.3973725311830931,train,1.1327885398593345,1.5631691844307534,0.40814853377040294
209,-0.8781523669287508,-0.8354435629814809,4.031658832363004,train,1.1327885398593345,1.4423628505278059,1.7153439948332343
210,-0.33412344070081207,0.12119206186503484,0.26568800418882627,train,1.1327885398593345,1.2494373344064613,-0.08623112692231044
211,0.9159025423560131,0.7245339588076325,1.544962262693867,train,1.1327885398593345,0.8061485747104626,0.6621541692475197
212,-1.326392717739564,-0.640115985337911,-0.22151494758431867,train,1.1327885398593345,1.6013194737099274,0.18518818030788498
213,0.030631492594417446,-0.5965416743488504,2.664931331049337,train,1.1327885398593345,1.120086613569414,2.8716197869438087
214,-0.4841694333335785,-0.3945863371398233,0.5018661633819578,train,1.1327885398593345,1.3026471899399286,1.1828324291295012
215,-0.32767309436196085,-0.3885524841074628,-1.141397071320735,train,1.1327885398593345,1.2471498891317907,1.4895484892381443
216,1.0027578253046041,0.07267170578120508,1.4094912564177269,train,1.1327885398593345,0.775347638431384,2.840613745998255
217,0.5381154370039261,-0.507594419118072,1.7883954513816736,train,1.1327885398593345,0.9401208117923979,3.653580765855775
218,1.3373981074427437,1.481367907118992,-3.019091284423096,train,1.1327885398593345,0.6566762846963381,-0.7816581151543303
219,-0.15450567924990047,-0.3341759727307072,0.49815758539421795,train,1.1327885398593345,1.1857406306801623,1.6827371291109503
220,-0.695942611670703,-1.1701222583249602,4.443437231015105,train,1.1327885398593345,1.3777469645321148,3.1197837914643194
221,-0.22385881688049952,-0.23679441565839898,1.2182294455098435,train,1.1327885398593345,1.2103348925419148,1.2401405808190729
222,0.2424967912712216,0.8708087474265587,0.16313110258394126,train,1.1327885398593345,1.044954170927385,-1.1855628916734369
223,0.17657335845371103,-1.2271840204601847,5.445681355188851,train,1.1327885398593345,1.0683321783965691,5.107825895688386
224,-1.0843880722333665,-1.7654936717286889,4.910263696434493,train,1.1327885398593345,1.5154989062967816,4.1373911082136505
225,0.09048978162787422,-0.48134003983486107,1.7241026874557566,train,1.1327885398593345,1.0988594494441708,2.642914445415128
226,0.22822833013890514,1.0592899841433212,-1.1974623379594824,train,1.1327885398593345,1.050014104499844,-1.792911783912213
227,2.5174740375339204,2.1835314197787143,0.21306804980604366,train,1.1327885398593345,0.23819346714882506,-0.4815236007677184
228,1.8768446112816701,1.9618660333020723,-1.7085561695765696,train,1.1327885398593345,0.4653758038660689,-1.1333866053649944
229,-0.8532433505588201,-1.3666912319227942,3.9531273652669086,train,1.1327885398593345,1.4335295245637552,3.3953893920988922
230,-0.2873833615491761,-0.9016282144016564,3.69630567868145,train,1.1327885398593345,1.232862197572462,3.1458587608885544
231,-1.4634420018370031,-0.9020653714359763,0.22975948950383962,train,1.1327885398593345,1.6499203892014709,0.7032696987277034
232,-0.5907070139634865,-0.4376010126095213,0.008620577630595871,train,1.1327885398593345,1.3404279341953043,1.0932808540915224
233,0.3156050035903405,0.5817272941907483,-1.2981002072898362,train,1.1327885398593345,1.0190282708246663,-0.1475997315008406
234,1.2058536208882336,0.8520803021535157,0.9419718772373815,train,1.1327885398593345,0.7033250688656068,0.8737603859372749
235,-0.7290838377436085,-0.4163808343221107,1.11798469626843,train,1.1327885398593345,1.3894996266365753,0.7406843139346072
236,-0.6541464400677965,-0.42844570111117175,0.1845183927400077,train,1.1327885398593345,1.3629250541710314,0.9333882804037198
237,-2.147289029738655,-1.2511707903399687,0.485519652868695,train,1.1327885398593345,1.8924287089717629,0.3522033928668322
238,-0.16266592054490767,0.35407223273075616,0.1829884968564015,train,1.1327885398593345,1.1886344451220332,-0.443712396854943
239,-1.062414411859563,-1.8218547261227123,4.958926069314312,train,1.1327885398593345,1.5077065269501824,4.35580140506363
240,-0.5294394273660737,-1.7719126750973722,6.808739290682458,train,1.1327885398593345,1.3187009998431727,5.3102860680182085
241,-0.8768607781675882,-0.10044138394316648,0.8245834276923664,train,1.1327885398593345,1.4419048226245994,-0.5347656855227751
242,-0.09426255425255699,0.6372250125551162,-2.1014915789270066,train,1.1327885398593345,1.1643769946259912,-1.1694334977967957
243,-1.7577283913566313,-2.0185565247933073,5.223799001204681,train,1.1327885398593345,1.754281298793571,3.5137864162387866
244,-1.4670452453909906,-2.28953744024017,4.403545325382814,train,1.1327885398593345,1.6511981845333916,4.948406478420847
245,2.129247112028298,1.762818582226959,1.0149112898301467,train,1.1327885398593345,0.3758679112168848,0.0012064576247761138
246,-1.287422581274031,-0.4714351292089074,-0.0925531488702509,train,1.1327885398593345,1.5874997422058306,-0.25083883528270956
247,-1.0967855784546396,0.20112825069687668,-2.2091052874568766,train,1.1327885398593345,1.5198953550351608,-1.9161000703611384
248,1.836913528321314,1.7793093659179218,-2.471797900886071,train,1.1327885398593345,0.47953630971053784,-0.6568269129959035
249,2.905067169240407,2.1010237174409085,0.33549867594173943,train,1.1327885398593345,0.10074378134253759,0.5768084520715737
250,-1.1715666288253417,-1.473131676011191,1.516878535077281,train,1.1327885398593345,1.5464144830508268,3.060133909967609
251,-0.36824895678803055,-0.28772839042803183,2.0939864935508066,train,1.1327885398593345,1.2615390490150618,1.0962016234141199
252,0.34155555094050954,0.09368561842125386,2.9188469037565055,train,1.1327885398593345,1.0098255933569886,1.4021829621379018
253,1.7286976444055924,0.7739173720871844,1.338732183252941,train,1.1327885398593345,0.5179122199800973,2.199836090859051
254,-0.9868570784282374,0.43976772777538164,-1.9910465976633485,train,1.1327885398593345,1.4809121106126886,-2.4190951501820877
255,-0.24527784594210975,0.8748787644895906,-2.840583507360967,train,1.1327885398593345,1.2179305865157273,-2.211666064074828
256,0.777337576061744,1.3034992709826523,-1.9843073909612583,train,1.1327885398593345,0.8552869869342605,-1.4003312926179845
257,0.43476607446661863,-0.2046973791121815,3.258118990135153,train,1.1327885398593345,0.976770938554165,2.5104294623289496
258,-0.37615607123009925,0.21208673759428776,-0.4271106170864743,train,1.1327885398593345,1.2643430986918753,-0.45217142658250453
259,-0.13382296451604114,0.2767174740859081,1.6418496906412052,train,1.1327885398593345,1.1784060511707843,-0.14668119504298494
260,-1.3748958083699818,-0.8343892721735537,0.27114372107777657,train,1.1327885398593345,1.618519816085533,0.6798462942579344
261,-0.23817374397466523,0.559260165046534,-0.15479165061444322,train,1.1327885398593345,1.215411304042733,-1.2295270978737
262,-0.2663874900089551,0.16811269370960222,0.06030035181106512,train,1.1327885398593345,1.2254165652576512,-0.08928376878539279
263,0.23216988962625595,0.629744453483606,0.37088442854592707,train,1.1327885398593345,1.0486163343413846,-0.46815688795286237
264,-0.555327218819016,-0.06211800503188686,-0.3714580798723182,train,1.1327885398593345,1.3278814225863709,0.015940894418198626
265,0.471538522545139,0.5817056628373747,0.14840121902657114,train,1.1327885398593345,0.9637305592975269,0.1765069093466376
266,1.0127158178198286,-0.259994023572647,3.6899148270586632,train,1.1327885398593345,0.7718162989144715,3.8809330204352213
267,0.15542932766846604,0.17451610858110717,-0.04874678525217657,train,1.1327885398593345,1.0758303514816157,0.7676533783165148
268,0.35175640839920347,-0.052310048590112235,2.5225244971504965,train,1.1327885398593345,1.006208128190671,1.870860134997574
269,0.053155347577867364,-0.7253802965217182,3.9327005902992536,train,1.1327885398593345,1.1120991222096188,3.3133183547225995
270,8.439309141418043e-05,1.0091574860536254,-1.4337489770724816,train,1.1327885398593345,1.130919337076395,-2.1133533041312145
271,-0.7215580335428474,0.46015077769714396,-0.286602746259482,train,1.1327885398593345,1.3868307985841277,-1.9302602721024873
272,0.316494261673308,1.0687277695160133,-0.12384998396512037,train,1.1327885398593345,1.0187129188895936,-1.6384162078433313
273,-0.09728659841348947,0.07529877138273315,0.20458579917568626,train,1.1327885398593345,1.165449392162951,0.546595446098004
274,2.093168308930595,2.48490971971607,-1.8953402228528418,train,1.1327885398593345,0.3886623075680605,-2.2869888572127213
275,1.5733549024752425,1.2659158303412892,-0.27463837533159574,train,1.1327885398593345,0.5730004280105299,0.3690401110615098
276,0.3858465525565008,0.43035560818386825,0.5039815966759522,train,1.1327885398593345,0.9941189573044853,0.46232362268250693
277,-0.7630572096947675,-1.2665285900330037,2.6737219015906106,train,1.1327885398593345,1.4015473873383906,3.2758021246398306
278,-1.112411471983418,-0.6517343948874305,2.3504505498315065,train,1.1327885398593345,1.5254366662202092,0.6654662163709648
279,1.191142953088865,0.9891459195257423,0.7785462979434663,train,1.1327885398593345,0.7085418193743724,0.42308227192296366
280,0.2627492251471385,-0.5713918899829677,3.021644992138758,train,1.1327885398593345,1.0377721791805203,3.276891547278637
281,0.4801434033916108,0.35339645562333055,2.093716011769607,train,1.1327885398593345,0.960679065161032,0.8941598811843545
282,-1.7445859869741926,-1.4435065278934394,-0.3292678000634788,train,1.1327885398593345,1.7496206915605375,1.7785595796933076
283,0.9274384815581808,1.8204874852333286,-4.620688087448913,train,1.1327885398593345,0.8020576580013938,-2.6729888395424686
284,0.45442033821436295,0.900064267679536,0.00448652860989196,train,1.1327885398593345,0.969801072073334,-0.8348401548673843
285,-1.110430684414478,-0.8814772840767028,1.4840389315185203,train,1.1327885398593345,1.5247342321295918,1.373748135525291
286,-0.47152480744994896,-0.2279474600793094,0.9912390655987909,train,1.1327885398593345,1.2981631067282604,0.6983579311202988
287,0.2637172043565196,0.2375011903477345,-0.5114652656487131,train,1.1327885398593345,1.0374289108733379,0.7996325646712013
288,0.05246679835624363,-0.07977495219233371,1.3210247424391224,train,1.1327885398593345,1.1123432980384258,1.3330965735806601
289,-0.292171185803555,-0.883193267075816,5.06874684002168,train,1.1327885398593345,1.2345600732199553,3.0794059252810007
290,-0.10348826806596086,-0.17342174101692623,2.1374883067147197,train,1.1327885398593345,1.1676486508068118,1.2960403940322143
291,-0.25197737820688537,-0.6492408565570162,2.6134743584000897,train,1.1327885398593345,1.220306399009587,2.4458633998637804
292,0.15256251210246857,-0.6281393136719128,2.7504890551157377,train,1.1327885398593345,1.0768469920424946,3.221847927328846
293,1.471491972993157,1.4839266671230464,-0.9033689072522186,train,1.1327885398593345,0.6091234304770009,-0.5108446846790198
294,-2.5666584409312976,-1.8185679567850972,-0.8068109007073212,train,1.1327885398593345,2.0411470145604373,1.2198071362513936
295,-0.23685026450968424,-1.261504718428594,4.568454047187574,train,1.1327885398593345,1.2149419669421715,4.353897300584019
296,0.17651242137244696,0.06759915460088126,1.995710487424104,train,1.1327885398593345,1.0683537881259182,1.139167676041645
297,0.2959939896870995,0.8342160232896336,-2.4862794176653167,train,1.1327885398593345,1.0259827998883662,-0.9622348177672837
298,-0.37191458132128985,0.3380025782807605,-1.4192537897916773,train,1.1327885398593345,1.2628389661166937,-0.8292914344379307
299,-1.7567217824785826,-0.7898753202517231,-1.301282236435418,train,1.1327885398593345,1.7539243314928132,-0.25004975135482876
300,0.32799548371410964,0.2857443111121636,-0.1665931607170349,train,1.1327885398593345,1.0146343137065335,0.7853411990655075
301,1.727350214164185,0.8748529745498574,1.883623131500698,train,1.1327885398593345,0.5183900505920895,1.8876667693561324
302,-1.5338614049161376,-1.8773084203477466,1.4798002962224897,train,1.1327885398593345,1.674892773993942,3.5460693231230556
303,0.8638280136981883,0.8978253538087652,0.6484504043271447,train,1.1327885398593345,0.8246154334264958,0.022798838934296572
304,-0.3285252231228939,-0.03525215787921737,1.2025610973255465,train,1.1327885398593345,1.2474520741316668,0.40490643554936906
305,-0.0613243458288473,0.7233391902999612,-1.5437688505944904,train,1.1327885398593345,1.1526963273785402,-1.3649270471773458
306,-1.052898510703949,-0.1823310183579092,-3.039512476318712,train,1.1327885398593345,1.5043319634788324,-0.6495908663840342
307,-0.33445617235587666,-0.34690213180340457,0.37537542469607066,train,1.1327885398593345,1.2495553289159231,1.3477937865626088
308,1.3000445946989585,0.2935121484426454,3.9524546781726775,train,1.1327885398593345,0.6699227232175511,2.781516082868405
309,0.582655241987707,0.274660235383627,-1.4366645029040392,train,1.1327885398593345,0.9243259441848625,1.3485141782632546
310,1.732311605409944,1.51618800121427,-0.43146420501644134,train,1.1327885398593345,0.5166306239869555,-0.06772546206246677
311,1.1774118889776937,0.8206795639485125,-0.2872156923574092,train,1.1327885398593345,0.7134111792610066,0.9109003297367577
312,0.4390866789295762,0.004532878297067555,2.6691450245527863,train,1.1327885398593345,0.9752387500880999,1.8781138112270397
313,1.743934526167792,1.546878509916173,-0.8278804295563961,train,1.1327885398593345,0.5125088615623122,-0.1376391616296484
314,0.43899315873829875,0.0488198821442728,2.1354806917793905,train,1.1327885398593345,0.9752719145584068,1.7421790795390069
315,0.8279881767970589,0.2855508912024229,2.3647840991559423,train,1.1327885398593345,0.8373250867160678,1.8249524797257284
316,-0.29657095353470836,-0.050385062245702994,2.394239119397712,train,1.1327885398593345,1.2361203348520566,0.5176921561359016
317,0.06654581585920483,-0.18795889539015898,1.4940263742135165,train,1.1327885398593345,1.1073505456547001,1.6939392725240476
318,-0.6974238233002769,-0.41147642525321027,1.2156259987816882,train,1.1327885398593345,1.3782722371864602,0.7914438594499266
319,0.989583934594853,0.9555895613871561,-1.372656294099198,train,1.1327885398593345,0.7800194114603056,0.10707986074202314
320,-1.1783036231148656,-1.6263002991468372,4.712707214504524,train,1.1327885398593345,1.5488035804641294,3.515598315390211
321,0.7823503424176613,0.33713559961488193,0.7927850379193124,train,1.1327885398593345,0.853509341500742,1.5720060161309086
322,-0.19065105750515945,0.7101453179457498,-2.072492232935314,train,1.1327885398593345,1.1985586361558038,-1.5932372181352146
323,1.1712470934673194,0.23974996713328345,2.600996490685578,train,1.1327885398593345,0.7155973614625082,2.678648176641878
324,0.7508689887312598,-0.6692974783973104,2.946746067314601,train,1.1327885398593345,0.8646733736235539,4.591319474954672
325,1.8206461576468016,0.3394098341719347,3.8518328417067367,train,1.1327885398593345,0.48530510385366876,3.722683989338438
326,0.7307746911386448,0.6020857208569174,1.6227584926315484,train,1.1327885398593345,0.8717992865065884,0.6527518929349685
327,-1.5720402556532407,-1.2390818377029733,1.8660988252997301,train,1.1327885398593345,1.688431896875598,1.5105561989858054
328,-0.06695317289820084,-0.12412905157363321,-0.350416755254227,train,1.1327885398593345,1.1546924425024956,1.2208798805371806
329,-1.172007192594816,-0.20909185671875197,-0.8405481093630355,train,1.1327885398593345,1.5465707173768202,-0.8150843116940699
330,-0.5182798423662747,-2.0183245337547824,6.7604428195112884,train,1.1327885398593345,1.3147435472299192,6.0887328093854975
331,1.5112284332767216,1.4465430712798715,-2.1951611132520794,train,1.1327885398593345,0.5950319424339001,-0.3136883154494621
332,0.637533810897696,1.4468899698003006,-3.1403683014232233,train,1.1327885398593345,0.9048647065180175,-2.1303477546350713
333,-0.6989304285787463,-1.2358128017980254,4.186121152318104,train,1.1327885398593345,1.3788065150289184,3.3149174960974923
334,-1.013717366440399,-1.038857800226256,2.359234101995257,train,1.1327885398593345,1.4904374036220958,2.057098768756047
335,0.03278209287626079,-0.4255094760361638,2.7540641959877665,train,1.1327885398593345,1.1193239598770413,2.3518723964866677
336,-1.2165601493811278,-1.5098557471514193,4.955941750315313,train,1.1327885398593345,1.5623702489243945,3.079194226127142
337,-0.6711402773965811,-0.7326694249310889,2.324280498506307,train,1.1327885398593345,1.3689514705608177,1.8305246279553846
338,0.31200947155124387,1.1060987474516977,-1.036389288819426,train,1.1327885398593345,1.0203033314711345,-1.762278561375548
339,1.1553120361066962,2.026681634177869,-0.05867530310188762,train,1.1327885398593345,0.7212483094498462,-2.8314407022564683
340,0.6087614722244398,0.28544564275546325,1.1473814580919992,train,1.1327885398593345,0.9150680578858276,1.3697072307587144
341,-2.2912895085981,-0.6899954784397981,-2.3104753454953006,train,1.1327885398593345,1.9434946824270776,-1.6670507881682122
342,0.3043667290302598,0.26483926941498276,1.2420120480627042,train,1.1327885398593345,1.023013628615933,0.800313351964466
343,0.07203357323257792,1.109841474606711,-1.7464662479660822,train,1.1327885398593345,1.105404457179318,-2.2724361386227807
344,0.41389028537269307,0.2751330385060594,0.4756660632809999,train,1.1327885398593345,0.9841739867952037,0.996360098077683
345,1.6162096816512073,1.3716024409486525,-0.9147849790983904,train,1.1327885398593345,0.5578031103823764,0.1341640361507883
346,-2.063238276804743,-1.4313059378580937,3.4772856820548737,train,1.1327885398593345,1.86262232532486,1.0789836812214362
347,-0.5911034251911056,1.434429467467636,-4.158651782397096,train,1.1327885398593345,1.340568510986349,-4.645346925478869
348,0.5909063227933546,0.9834964031415572,-1.500961945240038,train,1.1327885398593345,0.9213999159054002,-0.806933957406001
349,-1.5815943994539423,-1.689634237534032,3.82164421597381,train,1.1327885398593345,1.6918200220928141,2.8716525130605466
350,1.475949048053509,1.7621579606083217,-1.4437209372792816,train,1.1327885398593345,0.6075428463114272,-1.3543660437491685
351,0.3683566127006584,0.07758576790992192,1.2510744753537197,train,1.1327885398593345,1.0003213033764402,1.5072236759895148
352,0.846583985843404,0.38341707893399785,2.105189606799308,train,1.1327885398593345,0.830730573290403,1.5636343571397129
353,-0.5709436615217945,0.088405886717831,-1.698987251428772,train,1.1327885398593345,1.3334193822851361,-0.47786931164229446
354,0.8137636899662105,0.6696623046356601,0.9711676699426132,train,1.1327885398593345,0.8423694259618322,0.6180852808139323
355,1.0684715559890383,1.0219227934983144,1.9841295392148854,train,1.1327885398593345,0.7520439962951904,0.06770120363538457
356,0.23287802013716835,0.19469354922891016,1.3478530547849168,train,1.1327885398593345,1.0483652145245648,0.8667527851409977
357,0.23440089269869593,0.3894705901222175,-0.07582208875272523,train,1.1327885398593345,1.0478251679190342,0.27292260376054456
358,0.2703432392817259,0.47125412988707016,-0.38018119152600083,train,1.1327885398593345,1.0350791622733013,0.09694533170305553
359,-0.8633452647393817,-1.8528563714147541,4.42153861142039,train,1.1327885398593345,1.437111902104985,4.864501031453646
360,-0.14752868024035293,0.2819206569734377,-0.39478200944880004,train,1.1327885398593345,1.1832664219202937,-0.19111043472764033
361,-0.1525225324523588,-0.7112296778600673,2.4508374359172125,train,1.1327885398593345,1.185037359951319,2.842534008813138
362,0.3833938643534951,-0.5586643898528505,4.359092339340108,train,1.1327885398593345,0.9949887385139708,3.4885892261795948
363,0.9998242469102946,0.7648126512130263,-1.0279985630274728,train,1.1327885398593345,0.7763879546692147,0.7130942654662156
364,-1.0585360819784093,-0.796440263594055,2.1342486772374802,train,1.1327885398593345,1.5063311795046002,1.2209487525090452
365,-0.12500903031957764,-0.5161109229990305,1.918628183215375,train,1.1327885398593345,1.1752804217751154,2.3016667449033665
366,1.4814555476589732,1.6837835527279632,-0.7114917771705711,train,1.1327885398593345,0.6055901113975468,-1.1027043264151457
367,-0.7435882288125641,-1.4001756828725953,2.5863626807917943,train,1.1327885398593345,1.3946432265410988,3.7258904997308018
368,-0.8222500172903203,-0.9019662630957916,3.39002982155617,train,1.1327885398593345,1.422538556016173,2.0354060001749734
369,0.20230619183119358,-0.18907952749484547,3.2174859263187967,train,1.1327885398593345,1.059206707449579,1.9794932206785048
370,0.8443851904853201,0.6475557901846525,1.7056935361667565,train,1.1327885398593345,0.8315103180959684,0.7494756464912755
371,0.01142605556065933,0.1764594152368707,-1.0212809103828326,train,1.1327885398593345,1.1268973154888215,0.4624486266373594
372,1.3289605904369892,0.45843270257546465,3.1117441442136373,train,1.1327885398593345,0.6596684276590374,2.3361212736713175
373,0.8567939825665268,1.1200047925269583,-0.24157132481211185,train,1.1327885398593345,0.8271098671248995,-0.6728019609414271
374,0.8418200668900618,0.7112574745128694,-1.0554035368910524,train,1.1327885398593345,0.8324199715531135,0.548898443781213
375,0.5541165013240933,-0.6918745509278712,4.159559271660984,train,1.1327885398593345,0.9344464561770393,4.251653668867088
376,2.327653100346085,0.6869676160386498,3.958937841609483,train,1.1327885398593345,0.305508458157698,3.7110082367837047
377,-0.2051616888660442,-0.17152092685042208,1.6603146766423285,train,1.1327885398593345,1.2037044490153432,1.078930160628327
378,-2.003522292066514,-1.7353982243250237,2.3764114557908993,train,1.1327885398593345,1.8414456256662648,2.1351253408567357
379,1.604254361517141,1.221351421068933,0.8356858766748625,train,1.1327885398593345,0.5620427494825485,0.5698419078335384
380,-0.45769943095682564,-0.3829490186835913,2.7070595863902183,train,1.1327885398593345,1.2932603014417816,1.2021703032051665
381,0.10788044434303304,0.22164025918053484,1.7768740210551415,train,1.1327885398593345,1.0926923093928558,0.5244073090580359
382,1.309550684860527,1.6162303137974012,-4.096644525453893,train,1.1327885398593345,0.6665516389565862,-1.2528824124017657
383,-1.6022595410589253,-1.948470573397675,3.323454083237493,train,1.1327885398593345,1.6991483697553273,3.6220465576812546
384,-1.2516472141061394,-1.7045007270253882,3.445556725319934,train,1.1327885398593345,1.5748129514074967,3.6028709894995177
385,-1.6012779371188537,-1.9370166644275124,1.8563955463178592,train,1.1327885398593345,1.6988002697966023,3.5889799785407055
386,-0.7941362900254239,-0.46195903171911507,0.8917875733388096,train,1.1327885398593345,1.4125687638209645,0.745198862467339
387,0.43963660601699356,1.0986777120014621,-0.16800215155989262,train,1.1327885398593345,0.9750437329446096,-1.4743151969061021
388,0.524187842812771,0.1605466113065106,0.48016799211542005,train,1.1327885398593345,0.9450598658906564,1.5767751127013891
389,0.27627417932855375,-1.2800005630329494,5.7289509864458275,train,1.1327885398593345,1.0329759107466727,5.476894473298742
390,-1.4127658838923665,-2.1526084246801185,3.7164700289591854,train,1.1327885398593345,1.631949439977718,4.6415129723078525
391,-2.310103436632644,-2.347904782983722,2.7515954520062014,train,1.1327885398593345,1.9501665460015034,3.3753717125928433
392,0.054353585390382264,-0.291154464184823,3.4595641975052684,train,1.1327885398593345,1.1116741987592824,1.9848991021358864
393,-0.47177603363833576,-0.6224540032635044,1.381252122402017,train,1.1327885398593345,1.298252197472743,1.907004867292048
394,0.45938577171661177,0.39065729116183967,1.2090121589583291,train,1.1327885398593345,0.9680402119885043,0.7368190566492969
395,0.7019536262212701,0.3745151024835479,-0.5908561710690907,train,1.1327885398593345,0.8820199173522756,1.2903674453604563
396,0.13824143205868192,0.7401969119729898,0.9182096895932745,train,1.1327885398593345,1.0819255855246819,-1.0018851304186898
397,0.7601330853758538,0.20249608489186188,2.5154303623826206,train,1.1327885398593345,0.8613881059835617,1.9385093743098376
398,0.22921137411506842,-0.3340216763932709,2.277987934759688,train,1.1327885398593345,1.0496654938702836,2.4796540538185257
399,0.5300647056014667,0.7113770875934502,0.5015446584224778,train,1.1327885398593345,0.9429757914379527,-0.09931678152735257
400,-0.7046732628698824,-1.4851238522515775,2.6362056020671574,train,1.1327885398593345,1.3808430598084374,4.067125943558148
401,-0.17961141383145854,0.09012589212683442,1.5529302377092369,test,1.1327885398593345,1.1946437175717648,0.3300735751794189
402,0.19677609665695725,0.2189527875613259,0.4127090551335067,test,1.1327885398593345,1.06116780990986,0.71737559806809
403,0.8205284754174188,0.5679572863830347,0.7331155766372986,test,1.1327885398593345,0.8399704731457136,0.9438705027797705
404,-0.3937411722245721,0.6379727265098996,-2.1930561389443275,test,1.1327885398593345,1.2705791911528546,-1.7940619642086868
405,0.5211672557321126,0.04360933740885942,1.3308550964920622,test,1.1327885398593345,0.9461310374652379,1.928912784833667
406,-0.265838791915379,1.0235078687821435,-1.90753057854878,test,1.1327885398593345,1.2252219839444258,-2.7099437259791346
407,-0.11754216732813036,-0.22929260339936386,1.7087003256460536,test,1.1327885398593345,1.172632495668648,1.4380805522383702
408,0.829519042024073,-0.10259463336287822,3.6185701255398204,test,1.1327885398593345,0.8367822057224381,3.0178060957154016
409,-1.993060371054156,-1.5524965482464297,1.6625742131454062,test,1.1327885398593345,1.8377355811932174,1.5962692905932045
410,-1.296472328074761,-1.6829249826510697,3.9690301028808683,test,1.1327885398593345,1.5907089963247316,3.4435913787042165
411,-1.4821853974428207,-1.6368018266423567,2.5271859411163904,test,1.1327885398593345,1.6565672403095384,2.9162989027742148
412,-2.3336161198483047,-1.6286729158693494,3.448518349320987,test,1.1327885398593345,1.9585046992247723,1.1220533504799497
413,-0.6782644401551767,-0.20926229893406656,-1.2966723999386525,test,1.1327885398593345,1.3714778670645187,0.21146874493270518
414,0.7494338997277404,0.2262464996296375,3.081065624129553,test,1.1327885398593345,0.8651822901045281,1.8434803376587805
415,-0.28488406638257474,0.3645358339217804,0.70453181619048,test,1.1327885398593345,1.231975888432065,-0.7297610328604353
416,0.19779008194185213,0.8527367203661619,-2.014788803180375,test,1.1327885398593345,1.0608082267608827,-1.2230753823733447
417,1.0892174967107926,1.7331550513066083,0.20824345005773415,test,1.1327885398593345,0.7446869953560706,-2.069125827886812
418,1.3276861322676916,1.3797969500895866,0.5114716972119414,test,1.1327885398593345,0.6601203806494631,-0.49052360982798815
419,-0.06913793472613955,0.7627468794705075,-0.45537750104089003,test,1.1327885398593345,1.1554672106865695,-1.5019494216724434
420,1.3535858895693973,-0.045610345128916485,3.8720250015514206,test,1.1327885398593345,0.650935714533464,3.9321944788205667
421,0.09212665843410921,-0.11704260242979013,1.3181549659389122,test,1.1327885398593345,1.0982789742388182,1.5297383872546093
422,-0.8373982238274621,-1.1901217328560254,2.686159923873544,test,1.1327885398593345,1.42791046810319,2.887128231399966
423,-0.5944003521987352,-0.403984765082553,1.4136841871697057,test,1.1327885398593345,1.3417376792307134,0.9825715008676875
424,-1.4805365125650163,-1.5272987415700554,4.0220094746140305,test,1.1327885398593345,1.6559825067581797,2.584096651428619
425,-0.8881338537336524,-0.8102017881567614,1.8356518748643988,test,1.1327885398593345,1.445902521675158,1.6172353416151473
426,-0.35801668807442916,0.842891577662886,-3.1561517322748065,test,1.1327885398593345,1.2579104446753053,-2.347903710488178
427,0.8035850193786016,0.5410361376506544,1.80848868819022,test,1.1327885398593345,0.8459790231392456,0.9911746222787914
428,1.7207698311659838,1.6248912552469155,0.488016642986013,test,1.1327885398593345,0.5207236099397633,-0.4248872950542335
429,-1.38218151537704,-1.245106810256173,2.6256169284622253,test,1.1327885398593345,1.6211034999980622,1.923562070403944
430,0.39282746825991893,0.35968994738203536,1.4520840008987144,test,1.1327885398593345,0.9916433595923937,0.6934218400800887
431,-1.0405439391575344,-0.8288251430643846,1.134459420720277,test,1.1327885398593345,1.4999507403909786,1.357597820177888
432,0.47469708846320197,0.6487521103544572,-0.9258513212675473,test,1.1327885398593345,0.9626104571658799,-0.02242783540958304
433,-0.1310866506877266,0.5943152007781247,-1.913312334350607,test,1.1327885398593345,1.177435689610678,-1.114437172716822
434,-1.8309058258475304,-0.47628826211602704,-2.8684101138048375,test,1.1327885398593345,1.7802317467145654,-1.3653586402480518
435,0.9282969915684843,0.9284096424002876,0.3083136674820554,test,1.1327885398593345,0.801753210059661,0.06302836681921198
436,-0.605000712808731,-0.13027243862562365,0.0973671070328153,test,1.1327885398593345,1.345496817657296,0.12161048550092962
437,-0.5339002383735546,-1.1176388962101838,2.845128507353733,test,1.1327885398593345,1.3202829088639028,3.2956563796031646
438,-1.06975241128969,-0.9085279744811243,-1.3695397234810769,test,1.1327885398593345,1.5103087549919356,1.541191131175509
439,-0.6542832766875555,0.04074705758010888,-1.6781251958096064,test,1.1327885398593345,1.3629735796707219,-0.504979547284741
440,0.4278904406949172,0.8618935356062256,0.39094092597432417,test,1.1327885398593345,0.9792092008047849,-0.7729771487862902
441,-0.18924434093640552,-0.024429633072094337,0.030174217280340976,test,1.1327885398593345,1.1980597812108194,0.6611702613193433
442,0.32866200228248105,0.7947659775667562,-0.3663822504784646,test,1.1327885398593345,1.0143979504680949,-0.7734334556068687
443,0.3619218539288437,0.5839975085393663,-1.4188342477356677,test,1.1327885398593345,1.002603220931406,-0.058308445323795866
444,1.320661655528167,1.7767130793781263,-0.25011044471881383,test,1.1327885398593345,0.6626114261345838,-1.7216753668263602
445,-0.3427861508643793,-0.10061342651723681,0.47224031776827546,test,1.1327885398593345,1.252509336185675,0.5756046248972841
446,-1.4768578168457318,-1.3949052428192064,2.521040491249691,test,1.1327885398593345,1.6546779543050276,2.185952991581998
447,1.067222416571983,1.0552826874174006,2.294376562773449,test,1.1327885398593345,0.7524869706576272,-0.037143212051724994
448,-0.3314881720972547,-2.023547163189469,7.924105245963301,test,1.1327885398593345,1.2485028058713985,6.492905908270659
449,1.114592444577377,1.1214053974929312,-0.44159692461109756,test,1.1327885398593345,0.7356884390703671,-0.14137229459818235
450,0.3833771131824704,-1.8823460045828933,6.820572055243261,test,1.1327885398593345,0.9949946788751534,7.545660194198147
451,-0.13113753020334493,-1.1389880686059266,3.8291441338915577,test,1.1327885398593345,1.1774537326895242,4.198059939030367
452,0.3487758940462951,0.5500818758016266,0.557204409164246,test,1.1327885398593345,1.0072650890288177,0.018325334371734225
453,1.9510125601262995,1.8473276504611167,-0.7451819653816218,test,1.1327885398593345,0.43907409614305637,-0.6281986042055561
454,2.076980529053753,0.9641271551590445,1.866335447626901,test,1.1327885398593345,0.39440287693309806,2.3405952573453823
455,0.0693811351327787,-0.3717563170211402,3.7212124720380197,test,1.1327885398593345,1.1063450744235732,2.263173357221783
456,0.1601905933170753,0.9504770678221393,-1.645259908610104,test,1.1327885398593345,1.0741418941434777,-1.600785410685683
457,1.0762401574663856,0.5705740470295029,3.7403472668815816,test,1.1327885398593345,0.7492890665896139,1.4672361629738024
458,-0.8456610327673472,0.669223361227913,-2.6082495854662606,test,1.1327885398593345,1.4308406554562638,-2.8289655363581874
459,0.3330703726182551,0.26530438618879637,2.6555459808948485,test,1.1327885398593345,1.0128346381490605,0.8585358634208095
460,-0.0258628479538564,0.2241314277656749,0.6331994435058893,test,1.1327885398593345,1.1401208420502065,0.23884427974131173
461,0.3139082114575536,1.2212512082652072,-1.0729766286310665,test,1.1327885398593345,1.0196299934209965,-2.111277026124278
462,-0.8333688059494058,-0.588078775043473,0.372887661713883,test,1.1327885398593345,1.4264815412827312,1.0502301297018017
463,-1.589567493308969,-1.873060383061656,2.586286939979618,test,1.1327885398593345,1.6946474696289777,3.417288020985337
464,-2.0729834359912918,-1.7242232198096075,2.4864087424612267,test,1.1327885398593345,1.8660781891128122,1.956528840421321
465,-1.1173841129896078,-0.9152737321057408,2.4996062128033216,test,1.1327885398593345,1.5272000822562959,1.462885108704445
466,-0.458675284939333,-1.1857852192724054,3.680261589939013,test,1.1327885398593345,1.2936063623296459,3.660848486126212
467,-0.2931915866487618,-0.38805251212350345,0.29138102798928944,test,1.1327885398593345,1.2349219314782598,1.5596709591741849
468,1.9372311624295169,1.1044696735451516,0.20079493793425152,test,1.1327885398593345,0.4439613055088527,1.620034561982723
469,1.1059933699072981,1.4394093502382987,-2.5333777130865416,test,1.1327885398593345,0.7387378741994761,-1.1339290614746833
470,-0.9620911163416273,-0.7489057685621485,-0.44508703993619014,test,1.1327885398593345,1.4721295150787905,1.2756738739553124
471,0.34770845245095694,0.10848931247222357,1.4794343269323307,test,1.1327885398593345,1.0076436290489925,1.3695955411593
472,-0.4070782363503251,-0.3893717474538058,2.4790026913687924,test,1.1327885398593345,1.2753088293319212,1.3270503189808172
473,-0.28436383804009513,-0.09361785938837647,0.6987101151601304,test,1.1327885398593345,1.2317914031655008,0.6755685928433168
474,0.18532564941538202,0.5183490393461734,-2.4448105765456085,test,1.1327885398593345,1.0652284091489812,-0.2240736053003709
475,0.6191711169753933,-0.1044904436213141,2.36105310448018,test,1.1327885398593345,0.9113765518106963,2.5864996489911727
476,-0.33925848388401536,-0.8963593666799752,2.8477621356392877,test,1.1327885398593345,1.2512583420931185,3.021909663223033
477,1.0638515327343585,1.5138887554290048,0.6820355494071415,test,1.1327885398593345,0.7536823657419802,-1.449783227459732
478,-1.141938226142404,-1.1609527042367616,0.7418437475059205,test,1.1327885398593345,1.5359075511509193,2.164870074047035
479,0.006339062362268442,-0.8450340056683094,3.1571025391302694,test,1.1327885398593345,1.1287012835151358,3.582771538878957
480,2.5976737265958323,2.3444266069065285,0.8679203130166437,test,1.1327885398593345,0.2097527617761884,-0.8080096302783257
481,0.2230797426252751,0.4564856777198322,0.5266807934376017,test,1.1327885398593345,1.0518399153262095,0.043994153941399716
482,1.4332145066061728,0.22814245093091456,3.745314733936026,test,1.1327885398593345,0.6226975247990229,3.2586113077640175
483,0.09152017817320818,0.2109051718167303,0.6649092779201038,test,1.1327885398593345,1.098494046474339,0.5233127937552694
484,0.5807770953297967,0.9059715317208614,-0.2264168658457263,test,1.1327885398593345,0.924991979382368,-0.5903681757025998
485,-0.056783194392691534,0.17920531550960456,1.1264271949643392,test,1.1327885398593345,1.1510859277428442,0.31228898831152685
486,-0.17040758116420443,0.24286282532547357,-0.8788899571975959,test,1.1327885398593345,1.1913798209625603,-0.11894143746525465
487,-0.7794823967254196,-1.466147376234785,4.717535914161715,test,1.1327885398593345,1.407372146891618,3.8535043227159713
488,0.4303013589575532,0.54286518016376,-1.1409958394617126,test,1.1327885398593345,0.9783542322034452,0.20986002386866986
489,-0.8515371891857679,-0.8628016070308823,2.213698415552649,test,1.1327885398593345,1.432924479413372,1.8545049763475525
490,0.6655852363134291,0.2427940938159565,1.781529154465316,test,1.1327885398593345,0.8949170080311134,1.6185185288976691
491,1.08528700444591,1.390562969208564,-1.6174079869259796,test,1.1327885398593345,0.7460808408158537,-1.0272433255978597
492,0.36653140723722993,1.1807898321943218,-1.8319919574341523,test,1.1327885398593345,1.0009685643750437,-1.8779077070898342
493,-0.28624873355569186,0.8476230459156617,-2.7379067575239215,test,1.1327885398593345,1.2324598316674604,-2.213267101429582
494,0.4539655793086961,1.1520571863504996,-2.619941727295851,test,1.1327885398593345,0.9699623403301432,-1.6081475877459495
495,-0.3086730555464126,-0.3127789534152403,0.9673760075392515,test,1.1327885398593345,1.2404120262754332,1.296784738120007
496,0.9355471254651493,0.9600697981879253,-1.1131037790051386,test,1.1327885398593345,0.7991821412128974,-0.018944262118681277
497,-1.8314060842151236,-1.0050311443015527,0.6750787285676589,test,1.1327885398593345,1.7804091501560169,0.2542073627636965
498,-0.3356073681186462,-0.19577912491523985,-0.23396285564393637,test,1.1327885398593345,1.2499635701435154,0.8822070388796157
499,-1.9908119951239978,-1.5141910833522716,2.272926282799871,test,1.1327885398593345,1.8369382539448886,1.4835346911895528
500,-1.495060830227205,-0.7017967850560549,-1.0662103732150652,test,1.1327885398593345,1.6611331731036563,0.023737157027670985
