Date,GOOGL,AAPL,MSFT
2023-09-01,135.66,189.46,328.66
2023-09-05,135.77,189.70,333.55
2023-09-06,134.46,182.91,332.88
2023-09-07,135.26,177.56,329.91
2023-09-08,136.38,178.18,334.27
2023-09-11,136.92,179.36,337.94
2023-09-12,135.34,176.30,331.77
2023-09-13,136.71,174.21,336.06
2023-09-14,138.10,175.74,338.70
2023-09-15,137.40,175.01,330.22
2023-09-18,138.21,177.97,329.06
2023-09-19,138.04,179.07,328.65
2023-09-20,133.74,175.49,320.77
2023-09-21,130.44,173.93,319.53
2023-09-22,130.25,174.79,317.01
2023-09-25,131.11,176.08,317.54
2023-09-26,128.56,171.96,312.14
2023-09-27,130.54,170.43,312.79
2023-09-28,132.31,170.69,313.64
2023-09-29,130.86,171.21,315.75
2023-10-02,134.17,173.75,321.80
2023-10-03,132.43,172.40,313.39
2023-10-04,135.24,173.66,318.95
2023-10-05,135.07,174.91,319.36
2023-10-06,137.58,177.49,327.26
2023-10-09,138.42,178.99,329.82
2023-10-10,138.06,178.39,328.39
2023-10-11,140.55,179.80,332.42
2023-10-12,138.97,180.71,331.16
2023-10-13,137.36,178.85,327.73
2023-10-16,139.09,178.72,332.64
2023-10-17,139.72,177.15,332.06
2023-10-18,137.96,175.84,330.11
2023-10-19,137.75,175.46,331.32
2023-10-20,135.60,172.88,326.67
2023-10-23,136.50,173.00,329.32
2023-10-24,138.81,173.44,330.53
2023-10-25,125.61,171.10,340.67
2023-10-26,122.28,166.89,327.89
2023-10-27,122.17,168.22,329.81
2023-10-30,124.46,170.29,337.31
2023-10-31,124.08,170.77,338.11
2023-11-01,126.45,173.97,346.07
2023-11-02,127.49,177.57,348.32
2023-11-03,129.10,176.65,352.80
2023-11-06,130.25,179.23,356.53
2023-11-07,130.97,181.82,360.53
2023-11-08,131.84,182.89,363.20
2023-11-09,130.24,182.41,360.69
2023-11-10,132.59,186.40,369.67
2023-11-13,132.09,184.80,366.68
2023-11-14,133.62,187.44,370.27
2023-11-15,134.62,188.01,369.67
2023-11-16,136.93,189.71,376.17
2023-11-17,135.31,189.69,369.85
2023-11-20,136.25,191.45,377.44
2023-11-21,136.97,190.64,373.07
2023-11-22,138.49,191.31,377.85
2023-11-24,136.69,189.97,377.43
2023-11-27,136.41,189.79,378.61
2023-11-28,137.20,190.40,382.70
2023-11-29,134.99,189.37,378.85
2023-11-30,132.53,189.95,378.91
2023-12-01,131.86,191.24,374.51
2023-12-04,129.27,189.43,369.14
2023-12-05,130.99,193.42,372.52
2023-12-06,130.02,192.32,368.80
2023-12-07,136.93,194.27,370.95
2023-12-08,134.99,195.71,374.23
2023-12-11,133.29,193.18,371.30
2023-12-12,132.52,194.71,374.38
2023-12-13,132.57,197.96,374.37
2023-12-14,131.94,198.11,365.93
2023-12-15,132.60,197.57,370.73
2023-12-18,135.80,195.89,372.65
2023-12-19,136.65,196.94,373.26
2023-12-20,138.34,194.83,370.62
2023-12-21,140.42,194.68,373.54
2023-12-22,141.49,193.60,374.58
2023-12-26,141.52,193.05,374.66
2023-12-27,140.37,193.15,374.07
2023-12-28,140.23,193.58,375.28
2023-12-29,139.69,192.53,376.04
2024-01-02,138.17,185.64,370.87
2024-01-03,138.92,184.25,370.60
2024-01-04,136.39,181.91,367.94
2024-01-05,135.73,181.18,367.75
2024-01-08,138.84,185.56,374.69
2024-01-09,140.95,185.14,375.79
2024-01-10,142.28,186.19,382.77
2024-01-11,142.08,185.59,384.63
2024-01-12,142.65,185.92,388.47
2024-01-16,142.49,183.63,390.27
2024-01-17,141.47,182.68,389.47
2024-01-18,143.48,188.63,393.87
2024-01-19,146.38,191.56,398.67
2024-01-22,145.99,193.89,396.51
2024-01-23,147.04,195.18,398.90
2024-01-24,148.70,194.50,402.56
2024-01-25,151.87,194.17,404.87
2024-01-26,152.19,192.42,403.93
2024-01-29,153.51,191.73,409.72
2024-01-30,151.46,188.04,408.59
2024-01-31,140.10,184.40,397.58
2024-02-01,141.16,186.86,403.78
2024-02-02,142.38,185.85,411.22
2024-02-05,143.68,187.68,405.65
2024-02-06,144.10,189.30,405.49
2024-02-07,145.54,189.41,414.05
2024-02-08,145.91,188.32,414.11
2024-02-09,149.00,188.85,420.55
2024-02-12,147.53,187.15,415.26
2024-02-13,145.14,185.04,406.32
2024-02-14,145.94,184.15,409.49
2024-02-15,142.77,183.86,406.56
2024-02-16,140.52,182.31,404.06
2024-02-20,141.12,181.56,402.79
2024-02-21,142.55,182.32,402.18
2024-02-22,144.09,184.37,411.65
2024-02-23,143.96,182.52,410.34
2024-02-26,137.57,181.16,407.54
2024-02-27,138.88,182.63,407.48
2024-02-28,136.38,181.42,407.72
2024-02-29,138.46,180.75,413.64
2024-03-01,137.14,179.66,415.50
2024-03-04,133.35,175.10,414.92
2024-03-05,132.67,170.12,402.65
2024-03-06,131.40,169.12,402.09
2024-03-07,134.38,169.00,409.14
2024-03-08,135.41,170.73,406.22
2024-03-11,137.67,172.75,404.52
2024-03-12,138.50,173.23,415.28
2024-03-13,139.79,171.13,415.10
2024-03-14,143.10,173.00,425.22
2024-03-15,141.18,172.62,416.42
2024-03-18,147.68,173.72,417.32
2024-03-19,147.03,176.08,421.41
2024-03-20,148.74,178.67,425.23
2024-03-21,147.60,171.37,429.37
2024-03-22,150.77,172.28,428.74
2024-03-25,150.07,170.85,422.86
2024-03-26,150.67,169.71,421.65
2024-03-27,150.87,173.31,421.43
2024-03-28,150.93,171.48,420.72
2024-04-01,155.49,170.03,424.57
2024-04-02,154.56,168.84,421.44
2024-04-03,154.92,169.65,420.45
2024-04-04,150.53,168.82,417.88
2024-04-05,152.50,169.58,425.52
2024-04-08,154.85,168.45,424.59
2024-04-09,156.60,169.67,426.28
2024-04-10,156.14,167.78,423.26
2024-04-11,159.41,175.04,427.93
2024-04-12,157.73,176.55,421.90
2024-04-15,154.86,172.69,413.64
2024-04-16,154.40,169.38,414.58
2024-04-17,155.47,168.00,411.84
2024-04-18,156.01,167.04,404.27
2024-04-19,154.09,165.00,399.12
2024-04-22,156.28,165.84,400.96
2024-04-23,158.26,166.90,407.57
2024-04-24,159.13,169.02,409.06
2024-04-25,156.00,169.89,399.04
2024-04-26,171.95,169.30,406.32
2024-04-29,166.15,173.50,402.25
2024-04-30,162.78,170.33,389.33
2024-05-01,163.86,169.30,394.94
2024-05-02,166.62,173.03,397.84
2024-05-03,167.24,183.38,406.66
2024-05-06,168.10,181.71,413.54
2024-05-07,171.25,182.40,409.34
2024-05-08,169.38,182.74,410.54
2024-05-09,169.96,184.57,412.32
2024-05-10,168.65,183.05,414.74
2024-05-13,169.14,186.28,413.72
2024-05-14,170.34,187.43,416.56
2024-05-15,172.51,189.72,423.08
2024-05-16,174.18,189.84,420.99
2024-05-17,176.06,189.87,420.21
2024-05-20,176.92,191.04,425.34
2024-05-21,177.85,192.35,429.04
2024-05-22,176.38,190.90,430.52
2024-05-23,173.55,186.88,427.00
2024-05-24,174.99,189.98,430.16
2024-05-28,176.40,189.99,430.32
2024-05-29,175.90,190.29,429.17
2024-05-30,172.11,191.29,414.67
2024-05-31,172.50,192.25,415.13
2024-06-03,173.17,194.03,413.52
2024-06-04,173.79,194.35,416.07
2024-06-05,175.41,195.87,424.01
2024-06-06,176.73,194.48,424.52
2024-06-07,174.46,196.89,423.85
2024-06-10,175.01,193.12,427.87
2024-06-11,176.62,207.15,432.68
2024-06-12,177.79,213.07,441.06
2024-06-13,175.16,214.24,441.58
2024-06-14,176.79,212.49,442.57
2024-06-17,177.24,216.67,448.37
2024-06-18,175.09,214.29,446.34
2024-06-20,176.30,209.68,445.70
2024-06-21,179.63,207.49,449.78
2024-06-24,179.22,208.14,447.67
2024-06-25,184.03,209.07,450.95
2024-06-26,183.88,213.25,452.16
2024-06-27,185.41,214.10,452.85
2024-06-28,182.15,210.62,446.95
2024-07-01,182.99,216.75,456.73
2024-07-02,185.24,220.27,459.28
2024-07-03,185.82,221.55,460.77
2024-07-05,190.60,226.34,467.56
2024-07-08,189.03,227.82,466.24
2024-07-09,188.98,228.68,459.54
2024-07-10,191.18,232.98,466.25
2024-07-11,185.57,227.57,454.70
2024-07-12,185.07,230.54,453.55
2024-07-15,186.53,234.40,453.96
2024-07-16,183.92,234.82,449.52
2024-07-17,181.02,228.88,443.52
2024-07-18,177.69,224.18,440.37
2024-07-19,177.66,224.31,437.11
2024-07-22,181.67,223.96,442.94
2024-07-23,181.79,225.01,444.85
2024-07-24,172.63,218.54,428.90
2024-07-25,167.28,217.49,418.40
2024-07-26,167.00,217.96,425.27
2024-07-29,169.53,218.24,426.73
2024-07-30,170.29,218.80,422.92
2024-07-31,171.54,222.08,418.35
2024-08-01,170.76,218.36,417.11
2024-08-02,166.66,219.86,408.49
2024-08-05,159.25,209.27,395.15
2024-08-06,158.29,207.23,399.61
2024-08-07,158.94,209.82,398.43
2024-08-08,162.03,213.31,402.69
2024-08-09,163.67,216.24,406.02
2024-08-12,162.29,217.53,406.81
2024-08-13,164.16,221.27,414.01
2024-08-14,160.37,221.72,416.86
2024-08-15,161.30,224.72,421.03
2024-08-16,162.96,226.05,418.47
2024-08-19,166.67,225.89,421.53
2024-08-20,167.18,226.51,424.80
2024-08-21,165.85,226.40,424.14
2024-08-22,163.80,224.53,415.55
2024-08-23,165.62,226.84,416.79
2024-08-26,166.16,227.18,413.49
2024-08-27,164.68,228.03,413.84
2024-08-28,162.85,226.49,410.60
2024-08-29,161.78,229.79,413.12
2024-08-30,163.38,229.00,417.14
2024-09-03,157.36,222.77,409.44
2024-09-04,156.45,220.85,408.90
2024-09-05,157.24,222.38,408.39
2024-09-06,150.92,220.82,401.70
2024-09-09,148.71,220.91,405.72
2024-09-10,148.66,220.11,414.20
2024-09-11,151.16,222.66,423.04
2024-09-12,154.69,222.77,427.00
2024-09-13,157.46,222.50,430.59
2024-09-16,158.06,216.32,431.34
2024-09-17,159.32,216.79,435.15
2024-09-18,159.81,220.69,430.81
2024-09-19,162.14,228.87,438.69
2024-09-20,163.59,228.20,435.27
2024-09-23,161.85,226.47,433.51
2024-09-24,162.29,227.37,429.17
2024-09-25,161.49,226.37,432.11
2024-09-26,162.73,227.52,431.31
2024-09-27,163.95,227.79,428.02
2024-09-30,165.85,233.00,430.30
2024-10-01,166.99,226.21,420.69
2024-10-02,165.86,226.78,417.13
2024-10-03,165.86,225.67,416.54
2024-10-04,167.06,226.80,416.06
2024-10-07,162.98,221.69,409.54
2024-10-08,164.38,225.77,414.71
2024-10-09,161.86,229.54,417.46
2024-10-10,162.08,229.04,415.84
2024-10-11,163.24,227.55,416.32
2024-10-14,164.96,231.30,419.14
2024-10-15,165.46,233.85,418.74
2024-10-16,165.16,231.78,416.12
2024-10-17,162.93,232.15,416.72
2024-10-18,163.42,235.00,418.16
2024-10-21,164.07,236.48,418.78
2024-10-22,165.14,235.86,427.51
2024-10-23,162.78,230.76,424.60
2024-10-24,162.72,230.57,424.73
2024-10-25,165.27,231.41,428.15
2024-10-28,166.72,233.40,426.59
2024-10-29,169.68,233.67,431.95
2024-10-30,174.46,230.10,432.53
2024-10-31,171.11,225.91,406.35
2024-11-01,171.29,222.91,410.37
2024-11-04,169.24,222.01,408.46
2024-11-05,169.74,223.45,411.46
2024-11-06,176.51,222.72,420.18
2024-11-07,180.75,227.48,425.43
2024-11-08,178.35,226.96,422.54
2024-11-11,180.35,224.23,418.01
2024-11-12,181.62,224.23,423.03
2024-11-13,178.88,225.12,425.20
2024-11-14,175.58,228.22,426.89
2024-11-15,172.49,225.00,415.00
2024-11-18,175.30,228.02,415.76
2024-11-19,178.12,228.28,417.79
2024-11-20,175.98,229.00,415.49
2024-11-21,167.63,228.52,412.87
2024-11-22,164.76,229.87,417.00
2024-11-25,167.65,232.87,418.79
2024-11-26,169.12,235.06,427.99
2024-11-27,169.23,234.93,422.99
2024-11-29,168.95,237.33,423.46
2024-12-02,171.49,239.59,430.98
2024-12-03,171.34,242.65,431.20
2024-12-04,174.37,243.01,437.42
2024-12-05,172.64,243.04,442.62
2024-12-06,174.71,242.84,443.57
2024-12-09,175.37,246.75,446.02
2024-12-10,185.17,247.77,443.33
2024-12-11,195.40,246.49,448.99
2024-12-12,191.96,247.96,449.56
2024-12-13,189.82,248.13,447.27
2024-12-16,196.66,251.04,451.59
2024-12-17,195.42,253.48,454.46
2024-12-18,188.40,248.05,437.39
2024-12-19,188.51,249.79,437.03
2024-12-20,191.41,254.49,436.60
2024-12-23,194.63,255.27,435.25
2024-12-24,196.11,258.20,439.33
2024-12-26,195.60,259.02,438.11
2024-12-27,192.76,255.59,430.53
2024-12-30,191.24,252.20,424.83
2024-12-31,189.30,250.42,421.50
2025-01-02,189.43,243.85,418.58
2025-01-03,191.79,243.36,423.35
2025-01-06,196.87,245.00,427.85
2025-01-07,195.49,242.21,422.37
2025-01-08,193.95,242.70,424.56
2025-01-10,192.04,236.85,418.95
2025-01-13,191.01,234.40,417.19
2025-01-14,189.66,233.28,415.67
2025-01-15,195.55,237.87,426.31
2025-01-16,192.91,228.26,424.58
2025-01-17,196.00,229.98,429.03
2025-01-21,198.05,222.64,428.50
2025-01-22,198.37,223.83,446.20
2025-01-23,197.98,223.66,446.71
2025-01-24,200.21,222.78,444.06
2025-01-27,191.81,229.86,434.56
2025-01-28,195.30,238.26,447.20
2025-01-29,195.41,239.36,442.33
2025-01-30,200.87,237.59,414.99
2025-01-31,204.02,236.00,415.06
2025-02-03,201.23,228.01,410.92
2025-02-04,206.38,232.80,412.37
2025-02-05,191.33,232.47,413.29
2025-02-06,191.60,233.22,415.82
2025-02-07,185.34,227.63,409.75
2025-02-10,186.47,227.65,412.22
2025-02-11,185.32,232.62,411.44
2025-02-12,183.61,236.87,409.04
2025-02-13,186.14,241.53,410.54
2025-02-14,185.23,244.60,408.43
2025-02-18,183.77,244.47,409.64
2025-02-19,185.27,244.87,414.77
2025-02-20,184.56,245.83,416.13
2025-02-21,179.66,245.55,408.21
2025-02-24,179.25,247.10,404.00
2025-02-25,175.42,247.04,397.90
2025-02-26,172.73,240.36,399.73
2025-02-27,168.50,237.30,392.53
2025-02-28,170.28,241.84,396.99
2025-03-03,167.01,238.03,388.49
2025-03-04,170.92,235.93,388.61
2025-03-05,173.02,235.74,401.02
2025-03-06,172.35,235.33,396.89
2025-03-07,173.86,239.07,393.31
2025-03-10,165.87,227.48,380.16
2025-03-11,164.04,220.84,380.45
2025-03-12,167.11,216.98,383.27
2025-03-13,162.76,209.68,378.77
2025-03-14,165.49,213.49,388.56
2025-03-17,164.29,214.00,388.70
2025-03-18,160.67,212.69,383.52
2025-03-19,163.89,215.24,387.82
2025-03-20,162.80,214.10,386.84
2025-03-21,163.99,218.27,391.26
2025-03-24,167.68,220.73,393.08
2025-03-25,170.56,223.75,395.16
2025-03-26,165.06,221.53,389.97
2025-03-27,162.24,223.85,390.58
2025-03-28,154.33,217.90,378.80
2025-03-31,154.64,222.13,375.39
2025-04-01,157.07,223.19,382.19
2025-04-02,157.04,223.89,382.14
2025-04-03,150.72,203.19,373.11
2025-04-04,145.60,188.38,359.84
2025-04-07,146.75,181.46,357.86
2025-04-08,144.70,172.42,354.56
2025-04-09,158.71,198.85,390.49
2025-04-10,152.82,190.42,381.35
2025-04-11,157.14,198.15,388.45
2025-04-14,159.07,202.52,387.81
2025-04-15,156.31,202.14,385.73
2025-04-16,153.33,194.27,371.61
2025-04-17,151.16,196.98,367.78
2025-04-21,147.67,193.16,359.12
2025-04-22,151.47,199.74,366.82
2025-04-23,155.35,204.60,374.39
2025-04-24,159.28,208.37,387.30
2025-04-25,161.96,209.28,391.85
2025-04-28,160.61,210.14,391.16
2025-04-29,160.16,211.21,394.04
2025-04-30,158.80,212.50,395.26
2025-05-01,161.30,213.32,425.40
2025-05-02,164.03,205.35,435.28
2025-05-05,164.21,198.89,436.17
2025-05-06,163.23,198.51,433.31
2025-05-07,151.38,196.25,433.35
2025-05-08,154.28,197.49,438.17
2025-05-09,152.75,198.53,438.73
2025-05-12,158.46,210.79,449.26
2025-05-13,159.53,212.93,449.14
2025-05-14,165.37,212.33,452.94
2025-05-15,163.96,211.45,453.13
2025-05-16,166.19,211.26,454.27
2025-05-19,166.54,208.78,458.87
2025-05-20,163.98,206.86,458.17
2025-05-21,168.56,202.09,452.57
2025-05-22,170.87,201.36,454.86
2025-05-23,168.47,195.27,450.18
2025-05-27,172.90,200.21,460.69
2025-05-28,172.36,200.42,457.36
2025-05-29,171.86,199.95,458.68
2025-05-30,171.74,200.85,460.36
2025-06-02,169.03,201.70,461.97
2025-06-03,166.18,203.27,462.97
2025-06-04,168.05,202.82,463.87
2025-06-05,168.21,200.63,467.68
2025-06-06,173.68,203.92,470.38
2025-06-09,176.09,201.45,472.75
2025-06-10,178.60,202.67,470.92
2025-06-11,177.35,198.78,472.62
2025-06-12,175.70,199.20,478.87
2025-06-13,174.67,196.45,474.96
2025-06-16,176.77,198.42,479.14
2025-06-17,175.95,195.64,478.04
2025-06-18,173.32,196.58,480.24
2025-06-20,166.64,201.00,477.40
2025-06-23,165.19,201.50,486.00
2025-06-24,166.77,200.30,490.11
2025-06-25,170.68,201.56,492.27
2025-06-26,173.54,201.00,497.45
2025-06-27,178.53,201.08,495.94
2025-06-30,176.23,205.17,497.41
2025-07-01,175.84,207.82,492.05
2025-07-02,178.64,212.44,491.09
2025-07-03,179.53,213.55,498.84
2025-07-07,176.79,209.95,497.72
2025-07-08,174.36,210.01,496.62
2025-07-09,176.62,211.14,503.51
2025-07-10,177.62,212.41,501.48
2025-07-11,180.19,211.16,503.32
2025-07-14,181.56,208.62,503.02
2025-07-15,182.00,209.11,505.82
2025-07-16,182.97,210.16,505.62
2025-07-17,183.58,210.02,511.70
2025-07-18,185.06,211.18,510.05
2025-07-21,190.10,212.48,510.06
2025-07-22,191.34,214.40,505.27
2025-07-23,190.23,214.15,505.87
2025-07-24,192.17,213.76,510.88
2025-07-25,193.18,213.88,513.71
2025-07-28,192.58,214.05,512.50
2025-07-29,195.75,211.27,512.57
2025-07-30,196.53,209.05,513.24
2025-07-31,191.90,207.57,533.50
2025-08-01,189.13,202.38,524.11
2025-08-04,195.04,203.35,535.64
2025-08-05,194.67,202.92,527.75
2025-08-06,196.09,213.25,524.94
2025-08-07,196.52,220.03,520.84
2025-08-08,201.42,229.35,522.04
2025-08-11,201.00,227.18,521.77
2025-08-12,203.34,229.65,529.24
2025-08-13,201.96,233.33,520.58
2025-08-14,202.94,232.78,522.48
2025-08-15,203.90,231.59,520.17
2025-08-18,203.50,230.89,517.10
2025-08-19,201.57,230.56,509.77
2025-08-20,199.32,226.01,505.72
2025-08-21,199.75,224.90,504.24
2025-08-22,206.09,227.76,507.23
2025-08-25,208.49,227.16,504.26
2025-08-26,207.14,229.31,502.04
2025-08-27,207.48,230.49,506.74
2025-08-28,211.64,232.56,509.64
2025-08-29,212.91,232.14,506.69
2025-09-02,211.35,229.72,505.12
2025-09-03,230.66,238.47,505.35
2025-09-04,232.30,239.78,507.97
2025-09-05,235.00,239.69,495.00
2025-09-08,234.04,237.88,498.20
2025-09-09,239.63,234.35,498.41
2025-09-10,239.17,226.79,500.37
2025-09-11,240.37,230.03,501.01
2025-09-12,240.80,234.07,509.90
2025-09-15,251.61,236.70,515.36
2025-09-16,251.16,238.15,509.04
2025-09-17,249.53,238.99,510.02
2025-09-18,252.03,237.88,508.45
2025-09-19,254.72,245.50,517.93
2025-09-22,252.53,256.08,514.45
2025-09-23,251.66,254.43,509.23
2025-09-24,247.14,252.31,510.15
2025-09-25,245.79,256.87,507.03
2025-09-26,246.54,255.46,511.46
2025-09-29,244.05,254.43,514.60
2025-09-30,243.10,254.63,517.95
2025-10-01,244.90,255.45,519.71
2025-10-02,245.69,257.13,515.74
2025-10-03,245.35,258.02,517.35
2025-10-06,250.43,256.69,528.57
2025-10-07,245.76,256.48,523.98
2025-10-08,244.62,258.06,524.85
2025-10-09,241.53,254.04,522.40
2025-10-10,236.57,245.27,510.96
2025-10-13,244.15,247.66,514.05
2025-10-14,245.45,247.77,513.57
2025-10-15,251.03,249.34,513.43
2025-10-16,251.46,247.45,511.61
2025-10-17,253.30,252.29,513.58
2025-10-20,256.55,262.24,516.79
2025-10-21,250.46,262.77,517.66
2025-10-22,251.69,258.45,520.54
2025-10-23,253.08,259.58,520.56
2025-10-24,259.92,262.82,523.61
2025-10-27,269.27,268.81,531.52
2025-10-28,267.47,269.00,542.07
2025-10-29,274.57,269.70,541.55
2025-10-30,281.48,271.40,525.76
2025-10-31,281.19,270.37,517.81
2025-11-03,283.72,269.05,517.03
2025-11-04,277.54,270.04,514.33
2025-11-05,284.31,270.14,507.16
2025-11-06,284.75,269.77,497.10
2025-11-07,278.83,268.47,496.82
2025-11-10,290.10,269.43,506.00
2025-11-11,291.31,275.25,508.68
2025-11-12,286.71,273.47,511.14
2025-11-13,278.57,272.95,503.29
2025-11-14,276.41,272.41,510.18
2025-11-17,285.02,267.46,507.49
2025-11-18,284.28,267.44,493.79
2025-11-19,292.81,268.56,487.12
2025-11-20,289.45,266.25,478.43
2025-11-21,299.66,271.49,472.12
2025-11-24,318.58,275.92,474.00
2025-11-25,323.44,276.97,476.99
2025-11-26,319.95,277.55,485.50
2025-11-28,320.18,278.85,492.01
2025-12-01,314.89,283.10,486.74
2025-12-02,315.81,286.19,490.00
2025-12-03,319.63,284.15,477.73
2025-12-04,317.62,280.70,480.84
2025-12-05,321.27,278.78,483.16
2025-12-08,313.72,277.89,491.02
2025-12-09,317.08,277.18,492.02
2025-12-10,320.21,278.78,478.56
2025-12-11,312.43,278.03,483.47
2025-12-12,309.29,278.28,478.53
2025-12-15,308.22,274.11,474.82
2025-12-16,306.57,274.61,476.39
2025-12-17,296.72,271.84,476.12
2025-12-18,302.46,272.19,483.98
2025-12-19,307.16,273.67,485.92
2025-12-22,309.78,270.97,484.92
2025-12-23,314.35,272.36,486.85
2025-12-24,314.09,273.81,488.02
2025-12-26,313.51,273.40,487.71
2025-12-29,313.56,273.76,487.10
2025-12-30,313.85,273.08,487.48
2025-12-31,313.00,271.86,483.62
2026-01-02,315.15,271.01,472.94
2026-01-05,316.54,267.26,472.85
2026-01-06,314.34,262.36,478.51
2026-01-07,321.98,260.33,483.47
2026-01-08,325.44,259.04,478.11
2026-01-09,328.57,259.37,479.28
2026-01-12,331.86,260.25,477.18
2026-01-13,335.97,261.05,470.67
2026-01-14,335.84,259.96,459.38
2026-01-15,332.78,258.21,456.66
2026-01-16,330.00,255.53,459.86
2026-01-20,322.00,246.70,454.52
2026-01-21,328.38,247.65,444.11
2026-01-22,330.54,248.35,451.14
2026-01-23,327.93,248.04,465.95
2026-01-26,333.26,255.41,470.28
2026-01-27,334.55,258.27,480.58
2026-01-28,336.01,256.44,481.63
2026-01-29,338.25,258.28,433.50
2026-01-30,338.00,259.48,430.29
2026-02-02,343.69,270.01,423.37
2026-02-03,339.71,269.48,411.21
2026-02-04,333.04,276.49,414.19
2026-02-05,331.25,275.91,393.67
2026-02-06,322.86,278.12,401.14
2026-02-09,324.32,274.62,413.60
2026-02-10,318.58,273.68,413.27
2026-02-11,310.96,275.50,404.37
2026-02-12,309.00,261.73,401.84
2026-02-13,305.72,255.78,401.32
2026-02-17,302.02,263.88,396.86
2026-02-18,303.33,264.35,399.60
2026-02-19,302.85,260.58,398.46
2026-02-20,314.98,264.58,397.23
2026-02-23,311.49,266.18,384.47
2026-02-24,310.90,272.14,389.00
2026-02-25,312.90,274.23,400.60
2026-02-26,307.38,272.95,401.72
2026-02-27,311.76,264.18,392.74
2026-03-02,306.52,264.72,398.55
2026-03-03,303.58,263.75,403.93
2026-03-04,303.13,262.52,405.20
2026-03-05,300.88,260.29,410.68
2026-03-06,298.52,257.46,408.96
2026-03-09,306.36,259.88,409.41
2026-03-10,307.04,260.83,405.76
2026-03-11,308.70,260.81,404.88
2026-03-12,303.55,255.76,401.86
2026-03-13,302.28,250.12,395.55
2026-03-16,305.56,252.82,399.95
2026-03-17,310.92,254.23,399.41
2026-03-18,307.69,249.94,391.79
2026-03-19,307.13,248.96,389.02
2026-03-20,301.00,247.99,381.87
2026-03-23,302.06,251.49,383.00
2026-03-24,290.44,251.64,372.74
2026-03-25,290.93,252.62,371.04
2026-03-26,280.92,252.89,365.97
2026-03-27,274.34,248.80,356.77
2026-03-30,273.50,246.63,358.96
2026-03-31,287.56,253.79,370.17
2026-04-01,297.39,255.63,369.37
2026-04-02,295.77,255.92,373.46
2026-04-06,299.99,258.86,372.88
2026-04-07,305.46,253.50,372.29
2026-04-08,317.32,258.90,374.33
2026-04-09,318.49,260.49,373.07
2026-04-10,317.24,260.48,370.87
2026-04-13,321.31,259.20,384.37
2026-04-14,332.91,258.83,393.11
2026-04-15,337.12,266.43,411.22
2026-04-16,336.02,263.40,420.26
2026-04-17,341.68,270.23,422.79
2026-04-20,337.42,273.05,418.07
2026-04-21,332.29,266.17,424.16
2026-04-22,339.32,273.17,432.92
2026-04-23,338.89,273.43,415.75
2026-04-24,344.40,271.06,424.62
2026-04-27,350.34,267.61,424.82
2026-04-28,349.78,270.71,429.25
2026-04-29,349.94,270.17,424.46
2026-04-30,384.80,271.35,407.78
2026-05-01,385.69,280.14,414.44
2026-05-04,383.25,276.83,413.62
2026-05-05,388.43,284.18,411.38
2026-05-06,398.04,287.51,413.96
2026-05-07,397.99,287.44,420.77
2026-05-08,400.80,293.32,415.12
2026-05-11,388.64,292.68,412.66
2026-05-12,387.35,294.80,407.77
2026-05-13,402.62,298.87,405.21
2026-05-14,401.07,298.21,409.43
2026-05-15,396.78,300.23,421.92
2026-05-18,396.94,297.84,423.54
2026-05-19,387.66,298.97,417.42
2026-05-20,388.91,302.25,421.06
2026-05-21,387.66,304.99,419.09
2026-05-22,382.97,308.82,418.57
2026-05-26,388.88,308.33,416.03
2026-05-27,388.83,310.85,412.67
2026-05-28,390.13,312.51,426.99
2026-05-29,380.34,312.06,450.24
2026-06-01,376.37,306.31,460.52
2026-06-02,361.85,315.20,441.31
2026-06-03,358.99,310.26,427.34
2026-06-04,372.19,311.23,428.05
2026-06-05,368.53,307.34,416.67
2026-06-08,363.31,301.54,411.74
2026-06-09,364.26,290.55,403.41
2026-06-10,356.38,291.58,397.36
2026-06-11,357.77,295.63,390.34
2026-06-12,359.68,291.13,390.74
2026-06-15,369.35,296.42,399.76
2026-06-16,373.25,299.24,393.83
2026-06-17,363.79,295.95,378.91
2026-06-18,368.03,298.01,379.40
2026-06-22,349.68,297.01,367.34
2026-06-23,346.13,294.30,373.94
2026-06-24,345.29,293.08,365.46
2026-06-25,343.71,275.15,352.83
2026-06-26,337.39,283.78,372.97
2026-06-29,353.65,281.74,368.57
2026-06-30,357.37,289.36,373.02
2026-07-01,361.21,294.38,384.28
2026-07-02,359.91,308.63,390.49
2026-07-06,366.46,312.66,386.74
2026-07-07,367.03,310.66,388.84
2026-07-08,361.92,313.39,383.34
2026-07-09,358.89,316.22,384.36
2026-07-10,357.18,315.32,385.10
2026-07-13,352.51,317.31,390.99
2026-07-14,359.51,314.86,384.93
2026-07-15,370.92,327.50,395.63
2026-07-16,354.46,333.26,401.10
2026-07-17,346.77,333.74,393.82
2026-07-20,351.99,326.59,402.29
2026-07-21,347.15,327.74,397.75
2026-07-22,342.09,325.89,390.34
2026-07-23,317.69,321.66,381.58
2026-07-24,319.74,333.02,381.70
2026-07-27,326.56,336.91,389.10
2026-07-28,333.71,340.08,393.35
2026-07-29,336.71,338.19,390.54
2026-07-30,333.66,333.43,451.10
2026-07-31,356.13,308.91,464.72
2026-08-03,373.51,303.42,487.65
2026-08-04,377.65,309.38,492.81
2026-08-05,362.43,311.00,487.46
2026-08-06,357.75,312.41,499.86
2026-08-07,354.30,313.33,499.99
2026-08-10,357.52,308.26,506.06
2026-08-11,343.80,304.91,503.81
2026-08-12,343.54,302.25,492.43
2026-08-13,346.36,305.26,496.88
2026-08-14,345.90,305.93,495.40
2026-08-17,344.00,305.59,480.35
2026-08-18,344.20,310.03,481.63
2026-08-19,344.72,316.83,484.31
2026-08-20,340.67,311.30,481.15
2026-08-21,344.82,309.35,483.24
2026-08-24,348.06,310.34,487.31
2026-08-25,346.96,309.90,491.71
2026-08-26,342.00,313.45,496.37
2026-08-27,340.65,314.58,505.06
2026-08-28,346.59,319.70,513.53
2026-08-31,339.35,316.85,507.29
2026-09-01,335.02,325.13,501.02
