Date,strategy_return,cumulative_returns,drawdown
2023-09-12,-0.0011970187530189191,-0.0011970187530189191,0.0
2023-09-13,0.021977447022984875,0.02075412085373607,0.0
2023-09-14,0.0013850039887262078,0.02216786938262727,0.0
2023-09-15,-0.020883042154128173,0.0008218946777145408,-0.020883042154128173
2023-09-18,-0.011018122732350477,-0.01020528379106811,-0.0316710729649996
2023-09-19,1.5961078592141575e-05,-0.010189485599812587,-0.03165561739089218
2023-09-20,-0.007173516095873023,-0.017289907256726633,-0.038602051405886795
2023-09-21,-0.005023697243352276,-0.022226745240655488,-0.04343182363000353
2023-09-22,0.012831101328900973,-0.009680837532148878,-0.031158000430997923
2023-09-25,0.0007775977732094042,-0.008910767556647325,-0.030404631049541386
2023-09-26,-0.003949137880518316,-0.012824715587463231,-0.03423369684983879
2023-09-27,-0.02429878701476551,-0.03681187756964399,-0.05770064655612206
2023-09-28,0.012033509343398752,-0.02522134429892764,-0.04636147848217653
2023-09-29,-0.014005569670296425,-0.038873674674466896,-0.059717729235572836
2023-10-02,0.01045862551629373,-0.02882161436403563,-0.049883669086037474
2023-10-03,-0.005198837724930683,-0.033870613192917176,-0.054823169710265685
2023-10-04,0.01391017239243686,-0.02043158686903135,-0.041675597059598446
2023-10-05,-0.008454997599739111,-0.028713835450833947,-0.04977822758623096
2023-10-06,-0.009986530862880594,-0.0384136147097931,-0.0592676466430222
2023-10-09,-0.0017169878358573865,-0.04006464683646249,-0.060882872650533604
2023-10-10,0.0017349180255867847,-0.03839923768886111,-0.05925358141815784
2023-10-11,0.004367963171084677,-0.03419900097379913,-0.0551444357084625
2023-10-12,-0.008851564744574714,-0.042747851047054475,-0.06350788591006074
2023-10-13,0.0012277031204233069,-0.04157262959675301,-0.06235815161934066
2023-10-16,-0.013321507906024044,-0.05434032738892969,-0.07484895491556265
2023-10-17,0.007041064393347285,-0.047681876739883555,-0.0683349068335507
2023-10-18,-0.005201758704700188,-0.05263560582719562,-0.0731812038417946
2023-10-19,0.005826500356720499,-0.04711578684660356,-0.06778109379536357
2023-10-20,0.0006694360759920137,-0.046477891778075375,-0.06715703282882834
2023-10-23,0.007418039029633228,-0.03940462756366703,-0.06023716728983375
2023-10-24,0.0011308852222375876,-0.03831830445242901,-0.059174403389913754
2023-10-25,0.04416969941376736,0.004158886971629361,-0.01761841958686794
2023-10-26,-0.011003681901402773,-0.006890557999073121,-0.02842823400353134
2023-10-27,0.00675519705884442,-0.00018190801735784579,-0.021865075267415768
2023-10-30,0.00399599306951659,0.0038133581489820934,-0.017956454887132156
2023-10-31,0.005424895332604596,0.009258940550410655,-0.012628971442834924
2023-11-01,0.004442053783213051,0.013742123045524135,-0.00824301622999768
2023-11-02,0.012468628268014426,0.026382096737406435,0.0
2023-11-03,-0.01780949680483812,0.00810274806501865,-0.01780949680483801
2023-11-06,-0.004032589071103487,0.004037483940622311,-0.021770267493764428
2023-11-07,0.005691421142788533,0.009751884104874264,-0.016202750111673936
2023-11-08,0.0007630211239089135,0.010522346122353143,-0.015452092028365616
2023-11-09,0.009511393925044964,0.02013382222638338,-0.006087669037568633
2023-11-10,0.006853113926535759,0.027124915530413185,0.0
2023-11-13,-0.004812667531358561,0.02218170479879067,-0.00481266753135845
2023-11-14,0.002702702702702675,0.0249443580550035,-0.0021229720382001105
2023-11-15,-0.004442936482976556,0.0203905953735799,-0.006556476291255775
2023-11-16,-0.00854117769540852,0.011675257979770537,-0.015041653957604928
2023-11-17,-0.011725438416166356,-0.00018707795483052791,-0.026590722386614085
2023-11-20,-0.013574822607287151,-0.013759361012067095,-0.03980458065450332
2023-11-21,0.00734712947341587,-0.0065133233454784945,-0.032749900588791236
2023-11-22,-0.0017152883126241303,-0.008217439430691753,-0.03440901337969582
2023-11-24,-0.005992989818774608,-0.014161182218621837,-0.0401957903316118
2023-11-27,0.0051748383014948995,-0.009059625745266309,-0.03522895874548382
2023-11-28,0.007588594216626499,-0.0015397813521751402,-0.02790770280145105
2023-11-29,-0.0046504354289402805,-0.006183056127362474,-0.03242835526054322
2023-11-30,0.018381946143112615,0.012085233411017082,-0.014642505397339689
2023-12-01,-0.006556797067271969,0.005449195920758543,-0.02110329452816473
2023-12-04,0.010177497426885007,0.015682152525105852,-0.011140575827038757
2023-12-05,0.007757704924163722,0.02356151496113501,-0.003469296202826544
2023-12-06,0.0017180396507814333,0.025320034228852206,-0.0017572169404818094
2023-12-07,-0.04300631881540795,-0.01877520605101879,-0.04468796432391953
2023-12-08,-0.02300998499168705,-0.041353173833256096,-0.06666967992720418
2023-12-11,-0.004764115725035101,-0.04592027825255207,-0.07111617358171507
2023-12-12,-0.014072056585640258,-0.05934614208419409,-0.08418747934855919
2023-12-13,0.00040401236796006046,-0.058966106291626796,-0.08381747976348342
2023-12-14,0.023302270330488484,-0.037037880110282195,-0.06246834700486392
2023-12-15,-0.007728032177841571,-0.044479682358832484,-0.06971362178695528
2023-12-18,-0.032636045295743155,-0.07566408672637248,-0.10007449016432912
2023-12-19,0.004622279984515476,-0.07139154733547892,-0.09591478249266072
2023-12-20,0.019440179748338893,-0.05333923209985392,-0.07833920335650213
2023-12-21,0.015805321945576378,-0.038376953889945664,-0.0637720577409353
2023-12-22,0.013167562386660947,-0.025714722437840565,-0.05144421790310394
2023-12-26,0.0030529382095745294,-0.02274028968694508,-0.048548335712027435
2023-12-27,-0.00864406043885979,-0.0311877816873537,-0.05677274140278632
2023-12-28,-0.003223613138392145,-0.03431085748294116,-0.05981334118608983
2023-12-29,0.0015732975456458353,-0.03279154112516214,-0.05833414782332891
2024-01-02,0.022038093265323466,-0.011476110901468717,-0.03758162794828912
2024-01-03,0.006759592524939184,-0.004794092209994605,-0.031076071914704406
2024-01-04,0.005522585766160049,0.0007020177707648401,-0.025725106420968702
2024-01-05,0.0034965849067983834,0.004201057342304582,-0.02231847153300781
2024-01-08,-0.005303337761088711,-0.0011245600448240856,-0.02750344690124573
2024-01-09,0.0051991790687230255,0.004068772234852469,-0.0224472631779693
2024-01-10,0.0037645863845479077,0.007848675863957544,-0.018767181454751536
2024-01-11,0.008081829628925341,0.01599393715402808,-0.010837024988958666
2024-01-12,0.008205507577532689,0.024330683104072826,-0.002720440702090654
2024-01-16,0.016950688082692622,0.04169379300690146,0.0
2024-01-17,0.0031235836891678748,0.04494761074784526,0.0
2024-01-18,-0.021273211118921997,0.022718219616193247,-0.021273211118921997
2024-01-19,-0.00802511409004536,0.014510789221805265,-0.029127605262676326
2024-01-22,-0.0027537164981201734,0.011717114124004224,-0.03180111259363394
2024-01-23,0.0006256662722812223,0.012350111399401342,-0.031195343204923565
2024-01-24,-0.012659195408543766,-0.000465426482664677,-0.043459630667999516
2024-01-25,-0.007434933137432154,-0.007896899205317776,-0.050571444357237594
2024-01-26,0.004428798155096114,-0.0035030748228531694,-0.04636661692161137
2024-01-29,0.012259274646291396,0.008713254667078285,-0.034675763366581513
2024-01-30,0.005891635545682727,0.014656225533676182,-0.028988424780923006
2024-01-31,-0.0556457177087637,-0.04180504836381038,-0.0830210607875056
2024-02-01,0.008028321523662063,-0.03411235120972522,-0.07565925903308113
2024-02-02,0.009783200497997191,-0.02466287868307082,-0.06661624823573442
2024-02-05,-0.022675556894046878,-0.0467791910683687,-0.08778124460284398
2024-02-06,-0.0033175912782063,-0.04994158811028504,-0.0908076135895658
2024-02-07,-0.009411972154982795,-0.05888351142859827,-0.09936490701398315
2024-02-08,0.0058996220354423645,-0.05333127985470432,-0.09405150037351018
2024-02-09,0.018363079608145316,-0.035947526784135264,-0.07741549595398922
2024-02-12,-0.000863918489337645,-0.03678038954043816,-0.07821253376501103
2024-02-13,-0.004925716055451113,-0.04152493584060424,-0.08275299708715833
2024-02-14,0.010321690386329352,-0.031631852985333886,-0.07328545751530358
2024-02-15,-0.020146452160795247,-0.05114103553320282,-0.09195546771218477
2024-02-16,0.0022811735466127248,-0.048976523563994956,-0.08988406054598364
2024-02-20,-0.008383726801239888,-0.0569496445719998,-0.09751422393981979
2024-02-21,-0.005947275914111261,-0.0625582252366308,-0.10288155585861047
2024-02-22,0.01274344370706837,-0.05061198875127948,-0.09144917746712189
2024-02-23,-0.0022801011793908144,-0.05277668947542724,-0.09352076526911568
2024-02-26,0.0006276285309434471,-0.05218218510056727,-0.0929518330386907
2024-02-27,-0.00966964975958795,-0.061347251406542735,-0.10172267112828282
2024-02-28,0.018590138036233994,-0.04389756724209981,-0.08502357158973795
2024-02-29,-0.0007317346843982442,-0.044597180553986315,-0.08569309157781257
2024-03-01,0.014030103026029583,-0.03119278056579966,-0.0728652714552388
2024-03-04,0.026240083872585696,-0.005771197871479616,-0.0485371784170372
2024-03-05,-0.0011310747606566585,-0.006895744975885076,-0.04961335400023281
2024-03-06,0.004487417578504793,-0.0024392714846019903,-0.04534857225859723
2024-03-07,0.018242943392769106,0.015759172416554,-0.02793292030248462
2024-03-08,-0.017373607737748542,-0.0018882290010312497,-0.04482123243992797
2024-03-11,0.004858505546452951,0.0029611025743472297,-0.0401804910998832
2024-03-12,-0.020570516769138125,-0.01767032560495163,-0.059924474403058925
2024-03-13,0.021436690979272366,0.003387572064824429,-0.039772365863660175
2024-03-14,0.012751009543925829,0.016181776572479656,-0.027528494136446313
2024-03-15,-0.011220658983773779,0.0047795473920344556,-0.03844026527517819
2024-03-18,0.03966813701862293,0.0446372801514916,-0.0002969819665232798
2024-03-19,-0.017986487888880687,0.025847924363773478,-0.0182781281928599
2024-03-20,0.002565473289089848,0.028479709812397003,-0.01575954695342341
2024-03-21,-0.017400288425170163,0.010583866222225957,-0.03288561471615403
2024-03-22,0.01616681713587287,0.02692179078790402,-0.01725045329979802
2024-03-25,0.0036576076873950925,0.03067786782424342,-0.013655941003003269
2024-03-26,0.01067065395820832,0.04167587469417988,-0.0031310048657117173
2024-03-27,-0.01988525262430696,0.02096188677324018,-0.02295399666729614
2024-03-28,0.010956807105253263,0.032148369228429896,-0.012248692075821133
2024-04-01,0.02106170210184599,0.053887170706025334,0.0
2024-04-02,0.0010176728921950096,0.05495968311108479,0.0
2024-04-03,-0.0024682488180216566,0.05235578012018527,-0.0024682488180217677
2024-04-04,-0.022224707786528408,0.028967480419550107,-0.024638100495825044
2024-04-05,0.00858525599864235,0.03780142965322986,-0.016264368897259796
2024-04-08,0.004477960445989693,0.04244866340600861,-0.011859239651870968
2024-04-09,-0.003262194777311267,0.03904799282063043,-0.015082747279526965
2024-04-10,0.008201850169523683,0.04757010877668977,-0.007004603543334542
2024-04-11,-0.02232820636208266,0.024179747209174485,-0.029176409672017067
2024-04-12,0.0035522276103739925,0.027817866785196932,-0.0257278233096514
2024-04-15,-0.0022853956850806822,0.025468896267397234,-0.027954420738353747
2024-04-16,-0.021439801489459676,0.003483046697808856,-0.048794884996430254
2024-04-17,-0.0015382625989039944,0.0019394262584393474,-0.05025808824872646
2024-04-18,0.012666638916638884,0.014630631187199539,-0.038228050388574575
2024-04-19,0.0004321076533388979,0.01506906084824755,-0.0378124613683809
2024-04-22,0.009121564139021432,0.024328078392310992,-0.029035806020985544
2024-04-23,0.006277864596934135,0.03075867137129573,-0.022940224282713917
2024-04-24,0.0018414692268544641,0.03265678174493947,-0.021140998772933073
2024-04-25,0.004825731431797209,0.03764010603486456,-0.01641728812341403
2024-04-26,-0.02171662044826106,0.01510606969021211,-0.037777380556709095
2024-04-29,-0.02371400010110669,-0.008966155749055571,-0.06059552785147437
2024-04-30,0.011836451857189845,0.002764168637266584,-0.0494763120424595
2024-05-01,-0.007774648232952153,-0.0050319700344968465,-0.05686629935341769
2024-05-02,0.009500759488525912,0.0044209819169778175,-0.04790581289805118
2024-05-03,-0.018448674577202562,-0.014109253916922748,-0.0654706887227412
2024-05-06,-0.01424908327350849,-0.028157293256441895,-0.07878687470066537
2024-05-07,-0.014941586555719866,-0.04267816517779588,-0.09255126034859062
2024-05-08,-0.0010675132583990443,-0.04370011892902348,-0.09351997390948597
2024-05-09,0.006589974706147306,-0.03739812690127409,-0.0875462934659218
2024-05-10,-0.0005276619303531405,-0.03790605526379487,-0.08802776055006944
2024-05-13,-0.02010482419903825,-0.05724878488567553,-0.10636280209861348
2024-05-14,-0.0006910438151350728,-0.05790026728209141,-0.10698034455719796
2024-05-15,-0.0005213327468169826,-0.058391414723524826,-0.10744590494713158
2024-05-16,-0.009048087157246032,-0.06691117127111745,-0.11552181219172675
2024-05-17,0.0020108034132656494,-0.06503491306942943,-0.11374330043272285
2024-05-20,-0.007323483225200711,-0.0718821141997138,-0.12023378650522554
2024-05-21,-0.001600589521577378,-0.07336764996251433,-0.12164193108798316
2024-05-22,-0.0007270506195694582,-0.07404135858672223,-0.12228054186618953
2024-05-23,0.0050132425757499766,-0.06939930330220545,-0.11788032130910875
2024-05-24,-0.00918771654743189,-0.07794939872230744,-0.12598498687783244
2024-05-28,-0.0076856486700804805,-0.0850359556997643,-0.1327023592010652
2024-05-29,-0.0042514602949570435,-0.08892588900542009,-0.13638964068483184
2024-05-30,-0.012239812206495726,-0.10007726503019376,-0.14696006930243377
2024-05-31,0.003909242368535182,-0.0965592489462418,-0.14362532946329853
2024-06-03,0.01313708081542575,-0.08469067478769954,-0.13237506620817419
2024-06-04,-0.004517340435565176,-0.08882543861353098,-0.1362944234044966
2024-06-05,-0.011262385724523094,-0.09908743798623854,-0.14602180876053683
2024-06-06,-0.00829934544658617,-0.10656442255555976,-0.15310926877348396
2024-06-07,-0.025236471733870447,-0.1291115842517706,-0.1744818027737588
2024-06-10,-0.022300332593006567,-0.14853268557435273,-0.19289113313348316
2024-06-11,-0.06140739777269766,-0.20081907764173912,-0.24245358836702668
2024-06-12,0.021953933536690506,-0.1832739127884948,-0.22582246479507806
2024-06-13,0.02028388614176624,-0.1667075338264864,-0.2101191358174681
2024-06-14,-0.017474186835430894,-0.18126864206895932,-0.2239216616159253
2024-06-17,0.017126121114636073,-0.16724694967268183,-0.21063044999831404
2024-06-18,0.0011459982017673065,-0.16629261617449054,-0.20972583391348232
2024-06-20,-0.028423634699008216,-0.1899896102982126,-0.23218829812238884
2024-06-21,0.019598626392840157,-0.17411451929612853,-0.2171402434372388
2024-06-24,-0.005415150613745867,-0.17858681356384587,-0.22137954692846662
2024-06-25,0.022370376046433327,-0.16021149169377003,-0.20396151459581213
2024-06-26,-0.02080838817528674,-0.1776861369597511,-0.22052579240256975
2024-06-27,0.004334711893505094,-0.1741216432774364,-0.21714699628421674
2024-06-28,-0.004554057991683402,-0.17788274120802716,-0.220712154262102
2024-07-01,0.007222906234066739,-0.1719446653343648,-0.21508343122298934
2024-07-02,0.010656740429831224,-0.16312029457129607,-0.20671877909045888
2024-07-03,0.0026799768725760398,-0.16087747631561888,-0.20459280376497246
2024-07-05,-0.0041034170341389675,-0.16432074597303503,-0.20785669120307992
2024-07-08,0.014775981235595315,-0.15197276499655643,-0.19615199653639437
2024-07-09,0.004039418295789132,-0.14854722826815592,-0.19290491820416977
2024-07-10,0.00420201022523603,-0.14496941501503313,-0.18951349641772597
2024-07-11,0.0015512406339404095,-0.14364305682834266,-0.18825623682010895
2024-07-12,0.015580069476733849,-0.13030095615684478,-0.17560921259246076
2024-07-15,0.0158393186274437,-0.1165255158914299,-0.1625514242371836
2024-07-16,0.011572406283183456,-0.10630159022049956,-0.15286012907718283
2024-07-17,-0.009528246284466912,-0.11481696877291503,-0.1609318864047269
2024-07-18,-0.0021390206747572416,-0.116710393577654,-0.16272667044723677
2024-07-19,0.0007487245203623427,-0.11604905299074442,-0.16209978337515518
2024-07-22,-0.024131544022329532,-0.13738015418207816,-0.18231960933895708
2024-07-23,-0.00037624075660058764,-0.1377047069255274,-0.1826272540277969
2024-07-24,-0.007100504923296058,-0.1438274388993377,-0.18843101323474054
2024-07-25,0.0065099060578687196,-0.1382538359572476,-0.18314777537141902
2024-07-26,0.0038348591652350716,-0.13494916078196206,-0.18001526213115948
2024-07-29,-0.011716587517700772,-0.14508460464692075,-0.18962268507557867
2024-07-30,-0.001916999958311294,-0.14672347742417224,-0.19117617835450518
2024-07-31,0.00765043994742598,-0.14019553662965745,-0.18498832027895884
2024-08-01,-0.013786695123459092,-0.15204939863193367,-0.19622463782933108
2024-08-02,-0.003344295499525196,-0.15488519601190853,-0.19891270015566764
2024-08-05,-0.015510157188396545,-0.16799305946400478,-0.2113376900978814
2024-08-06,-0.021035025311471278,-0.1854943465174992,-0.2279272217488758
2024-08-07,0.008391803405263687,-0.17865917520099817,-0.22144813877923664
2024-08-08,-0.008749332636828422,-0.1858453592853716,-0.22825994798807892
2024-08-09,0.003614294938578455,-0.1829027642882166,-0.225470651824194
2024-08-12,0.010377317130831565,-0.17442348714650968,-0.21743311515103747
2024-08-13,0.005670447815942392,-0.16974209861230627,-0.21299561046801685
2024-08-14,-0.004850177226948693,-0.17376899657811107,-0.21681272123563344
2024-08-15,0.007731489503498112,-0.16738100024768998,-0.21075751701059353
2024-08-16,-0.004372906190954318,-0.1710219650264131,-0.21420880035062206
2024-08-19,-0.02347413103113305,-0.19048150404131425,-0.23265456593430278
2024-08-20,-0.0003152400540462619,-0.19073669669573168,-0.23289646395040975
2024-08-21,0.00640182475264317,-0.1855559348492326,-0.22798560154548742
2024-08-22,0.007892179957360468,-0.17912819572185845,-0.2218927249832109
2024-08-23,0.008127113998850133,-0.1724568769900482,-0.2155689584558148
2024-08-26,0.011178132161661636,-0.16320649059156866,-0.20680048460172396
2024-08-27,0.0028950731824097797,-0.1607839121432657,-0.2045041139563939
2024-08-28,0.0010756153537202495,-0.1598812384340781,-0.2036484663675442
2024-08-29,0.008432819737850261,-0.15279666835940664,-0.1969329774364611
2024-08-30,-0.013327895619391628,-0.16408810593191325,-0.20763617088856356
2024-09-03,0.009641375078112357,-0.15602876582894754,-0.19999669401377085
2024-09-04,0.004464043589091138,-0.15226124145166897,-0.19642544438443144
2024-09-05,-0.006296785309228392,-0.1575992704125596,-0.20148538084110124
2024-09-06,0.023811934897028264,-0.1375400790824144,-0.1824712027153642
2024-09-09,0.024650988005456065,-0.11627958991668852,-0.1623183101393859
2024-09-10,0.02123733893600699,-0.09751172004308217,-0.14452818017132896
2024-09-11,0.004525449073691901,-0.09342755529253333,-0.14065678601671572
2024-09-12,-0.013991921875769364,-0.10611224611360548,-0.15268064913124246
2024-09-13,-0.00949928715934556,-0.1146035425759947,-0.16072957896081497
2024-09-16,0.02951707703905626,-0.08846922713210281,-0.13595676928640021
2024-09-17,0.006660232112094322,-0.08239822060748592,-0.13020204081496378
2024-09-18,-0.014914188497757497,-0.09608350651122355,-0.14317437153321422
2024-09-19,-0.02248575355648641,-0.1164087500194555,-0.1624407414557999
2024-09-20,0.016738826767516257,-0.10161846915273787,-0.14842098211949906
2024-09-23,-0.0065928796917867905,-0.1075413905029371,-0.15403534013243514
2024-09-24,0.013985339380325423,-0.0950600539662273,-0.14220423726042564
2024-09-25,-0.011248549835317312,-0.10523931604715753,-0.15185319564612565
2024-09-26,0.006931558904415547,-0.09903722966098338,-0.1459742161121551
2024-09-27,0.01512500528533911,-0.08541016299771198,-0.13305707161703562
2024-09-30,0.006262045169257213,-0.07968296012706011,-0.12762823584033334
2024-10-01,-0.006808375033288461,-0.085948823684041,-0.1335676699791839
2024-10-02,0.0016954158778649253,-0.08439912680653394,-0.1320987068497712
2024-10-03,0.0014144271570013522,-0.08310407606651493,-0.13087112369114295
2024-10-04,0.008387367799121304,-0.07541373271896967,-0.12358142014070361
2024-10-07,-0.008751546513665831,-0.08350529244297633,-0.13125143810778317
2024-10-08,-0.009814066721950176,-0.09249983265325512,-0.13977739445879167
2024-10-09,0.03202874204336392,-0.06343374388899659,-0.11222554652604178
2024-10-10,-0.003537468890687512,-0.0667468178840569,-0.11536602103715299
2024-10-11,-0.013662373427661634,-0.07949727136067841,-0.12745222080454155
2024-10-14,0.005943261350532358,-0.07402648307049675,-0.12226644131195641
2024-10-15,0.00799360549301098,-0.06662461607918635,-0.11525018551582755
2024-10-16,-0.007038701055164576,-0.07319436637885446,-0.12147767496859396
2024-10-17,-0.01494395037182461,-0.08704450377201634,-0.1346062689944033
2024-10-18,0.008820987648450629,-0.07899133461620422,-0.12697264158215638
2024-10-21,0.0023203910039917286,-0.07685423439444927,-0.12494687675344496
2024-10-22,-0.009143392828879993,-0.08529491876769801,-0.13294783120542653
2024-10-23,0.007484046367828623,-0.07844922352686712,-0.1264587725708417
2024-10-24,0.0006747661639957547,-0.07782739224449897,-0.12586933650771714
2024-10-25,0.004409029073779269,-0.0737615064058621,-0.12201526899809767
2024-10-28,-0.012243038368337622,-0.08510147982116634,-0.13276446974656853
2024-10-29,0.011407945390573104,-0.07466436746505001,-0.12287109417667264
2024-10-30,0.043448630302202584,-0.03445980166158413,-0.0847610446201793
2024-10-31,-0.0009926352243662118,-0.03541823087299634,-0.0856695430460015
2024-11-01,-0.008840994545009195,-0.04394609303206354,-0.09375313362826754
2024-11-04,-0.007313671142078482,-0.05093835690172632,-0.10038112518244957
2024-11-05,-0.0035318100092607274,-0.05429026231222622,-0.10355840812905004
2024-11-06,0.018691703732026888,-0.036613336078873515,-0.08680238748073166
2024-11-07,0.002649175472458687,-0.034061155758319916,-0.08438316676413782
2024-11-08,-0.010992093053459051,-0.04467884541817513,-0.09444771219637993
2024-11-11,0.023242456529071087,-0.022474835011504934,-0.07340045251230332
2024-11-12,0.007041863044080943,-0.015591236677513276,-0.06687546540218747
2024-11-13,-0.01905558305486954,-0.03434971962694633,-0.08465669747175264
2024-11-14,-0.03221855519234895,-0.06546157648165285,-0.11414773618420593
2024-11-15,-0.010253793045466475,-0.07504414006944649,-0.12323108196623112
2024-11-18,-0.0028685772444134727,-0.07769744740133022,-0.1257461613331119
2024-11-19,-0.014946457644526623,-0.09148260343918502,-0.13881315930331128
2024-11-20,0.015168393710514594,-0.07770185387529893,-0.1257503382453098
2024-11-21,0.004209737731668661,-0.0738192205697098,-0.12206997645732254
2024-11-22,0.023028619591886845,-0.05249055572689254,-0.10185245991686209
2024-11-25,-0.004489810379011194,-0.05674469346400102,-0.10588497206421077
2024-11-26,0.0006361214913515045,-0.05614466849168209,-0.10531620627920035
2024-11-27,-0.0012034760182407789,-0.05728057574784107,-0.10639293676885209
2024-11-29,0.011870361939613217,-0.046090154974464115,-0.09578549749650345
2024-12-02,-0.0055114280832184726,-0.05134756048319644,-0.10076901069885469
2024-12-03,0.012261354000595137,-0.039715797098752725,-0.08974322121072797
2024-12-04,-0.016200518423632237,-0.05527289901977739,-0.10448985292573965
2024-12-05,-0.011764436361155317,-0.066387080877918,-0.11502502506176371
2024-12-06,-0.009843958162343736,-0.07557752739357937,-0.1237366816897768
2024-12-09,-0.010577769325800013,-0.08535585506839571,-0.1330055929395224
2024-12-10,-0.06191296948400471,-0.1419841901022697,-0.18668379120666057
2024-12-11,0.06041261166198064,-0.0901492141790784,-0.13754923492643423
2024-12-12,-0.023568643779129927,-0.1115931632422531,-0.1578760297854911
2024-12-13,-0.00605428630445648,-0.11697183258682098,-0.16297448940501524
2024-12-16,0.026375542124805307,-0.09368148595982506,-0.1408974877907806
2024-12-17,-0.012660620790325594,-0.10515604098133913,-0.15177425891787766
2024-12-18,-0.014500819758746397,-0.11813201194327183,-0.16407422750403866
2024-12-19,0.0064308506563508505,-0.11246085061346245,-0.15869851370132237
2024-12-20,0.019799719424202333,-0.09488782447761379,-0.1420409803214442
2024-12-23,0.00615702856225786,-0.08931502296087512,-0.13675850213203655
2024-12-24,0.0021041198238431758,-0.08739883264741088,-0.13494213858360848
2024-12-26,0.0059527885069269315,-0.08196631090698614,-0.12979263208834202
2024-12-27,0.004059370246713767,-0.07823967226400108,-0.12626013819057036
2024-12-30,-2.393420610791175e-05,-0.07826173386566726,-0.12628105046050764
2024-12-31,-0.0023058917822577074,-0.08038716255893885,-0.12829575180625352
2025-01-02,-0.01930828426511544,-0.09814330863810028,-0.14512686522548723
2025-01-03,0.014467859943210759,-0.08509537233862896,-0.13275868044235606
2025-01-06,0.019748316313670466,-0.0670275463547313,-0.11563212454344673
2025-01-07,0.004378053268343507,-0.06294294325477512,-0.11176031487588611
2025-01-08,-0.009900678659749418,-0.07222044405946015,-0.12055449057113699
2025-01-10,0.014255932948197159,-0.058994080919263614,-0.10801717435712599
2025-01-13,0.004980633696528125,-0.05430727513005773,-0.10357453463900479
2025-01-14,-0.002289535794366304,-0.05647247247411924,-0.10562693282893021
2025-01-15,0.005921302644815052,-0.050885560429924426,-0.10033107922083873
2025-01-16,0.03634213880571835,-0.01639271172455714,-0.06763518642269162
2025-01-17,0.0029456790749080586,-0.013495320317557069,-0.06488873890115643
2025-01-21,0.030680473919169726,0.016771110778579068,-0.03619908224349133
2025-01-22,-0.003729197893620473,0.012979370093969544,-0.039793286595858346
2025-01-23,0.0019024901898858637,0.014906553408130074,-0.037966502743344344
2025-01-24,-0.001997716799572724,0.012879057536390182,-0.039888373222565665
2025-01-27,-0.053173737000792864,-0.04097950708266074,-0.09094109635623238
2025-01-28,0.010891803598906735,-0.03053404422647832,-0.08103980531790689
2025-01-29,0.004053569123715128,-0.02660424696166175,-0.07731473664682031
2025-01-30,-0.03533597097847474,-0.061000131041595074,-0.10991871633493466
2025-01-31,-0.006860879613547866,-0.06744249609965591,-0.1160254568684328
2025-02-03,-0.023881470679754768,-0.08971334078623727,-0.1371360690018789
2025-02-04,0.022063938095808755,-0.06962883228790429,-0.11809789264323023
2025-02-05,-0.07515473905512338,-0.13955063462171724,-0.1843770153937916
2025-02-06,-0.0047104351128750555,-0.14360372552524614,-0.18821895453934867
2025-02-07,0.018074571370360615,-0.12812472994094115,-0.17354636009606406
2025-02-10,-6.883709526328552e-05,-0.12818474730196394,-0.17360325076400485
2025-02-11,0.004275018395035413,-0.12445772105960728,-0.17007038945942343
2025-02-12,0.027497422681034056,-0.10038256494046749,-0.1472494641628832
2025-02-13,0.0058940325596421594,-0.09508019048700489,-0.14222332473940702
2025-02-14,0.017599429741198214,-0.07915411787806237,-0.12712694440951944
2025-02-18,-0.0034940439317427963,-0.08237159384456083,-0.13017680121258712
2025-02-19,-0.006526184304281868,-0.0883602059459756,-0.13585342772001374
2025-02-20,0.007752692416299611,-0.08129254302821598,-0.12915396514252742
2025-02-21,0.025410633061238697,-0.05794760494848228,-0.10702521609792948
2025-02-24,0.008594448397324483,-0.04985118425163593,-0.09935059039757099
2025-02-25,0.0211239894632691,-0.029780250679229847,-0.08032528175902975
2025-02-26,-0.011705529970114537,-0.04113718703250113,-0.09109056173615604
2025-02-27,0.011758183369882325,-0.02986270225106813,-0.08040343789443305
2025-02-28,0.00856810232824512,-0.021550466611508057,-0.07252424044961014
2025-03-03,0.003449446887930141,-0.018175356913564533,-0.06932496207719852
2025-03-04,-0.03223418909254627,-0.049823678114534475,-0.09932451723331481
2025-03-05,0.032739653661056134,-0.018715234419068083,-0.0698367138665289
2025-03-06,-0.008559534009519476,-0.027114574743081432,-0.07779847814859475
2025-03-07,-0.007131334722687566,-0.03405254635741273,-0.08437500588268898
2025-03-10,0.0025230080877599592,-0.03161545311952141,-0.08206487661717599
2025-03-11,0.018156642805714718,-0.014032840803238633,-0.06539825646309427
2025-03-12,0.02489099256119298,0.01050886042190835,-0.042135091417039416
2025-03-13,0.007612895609743431,0.01820175888902109,-0.03484296585976088
2025-03-14,0.007676274376617664,0.02601775496100789,-0.02743415564917795
2025-03-17,-0.0020285659582548465,0.023936410270728903,-0.029407069613189396
2025-03-18,-0.007204977531142576,0.01655897144140961,-0.03640016986851213
2025-03-19,-0.0007773485918787237,0.015768750756397942,-0.03714922283959943
2025-03-20,0.004123856877265575,0.019957635704916044,-0.03317856404042607
2025-03-21,0.004116330212390551,0.024156118136126725,-0.029198807753598843
2025-03-24,-0.011230927173011995,0.012653895359545198,-0.0401018052431914
2025-03-25,0.008390330076333274,0.021150395794696353,-0.03204794254950538
2025-03-26,-0.019112796260644993,0.0016333563283952302,-0.050548213013628884
2025-03-27,0.008908399329269567,0.010556306248085123,-0.04209011735126578
2025-03-28,0.022174631658897437,0.03296502010971225,-0.020848818541112535
2025-03-31,0.01740389188256275,0.05094263163817092,-0.0038077772423183998
2025-04-01,-0.010941935820592885,0.03944328481166104,-0.01470804860870678
2025-04-02,0.0033273388782886215,0.04290186486499081,-0.011429648392377811
2025-04-03,-0.052211593154860236,-0.011549703003785106,-0.06304448139547203
2025-04-04,0.037321526350377554,0.02534077080159758,-0.028075871318741563
2025-04-07,0.031231815005864805,0.05736402407324381,0.0
2025-04-08,0.04059665847761562,0.10028947024506274,0.0
2025-04-09,-0.05195161338361509,0.04312765707682864,-0.05195161338361498
2025-04-10,0.018987274861130943,0.06293380861699371,-0.03395075808527814
2025-04-11,-0.021976407978074874,0.03957434158513773,-0.05518105035250609
2025-04-14,-0.02370157318563948,0.014934794246144634,-0.0775747458347551
2025-04-15,0.003487093283965348,0.018473966550822896,-0.07435816292599562
2025-04-16,-0.019868733323194165,-0.00176182108719114,-0.09274949373961061
2025-04-17,0.02425616182357615,0.022451605718989853,-0.07074307864523721
2025-04-21,0.004153853758946946,0.02669872016474706,-0.0668830812894402
2025-04-22,0.012623722856557329,0.03965948026528898,-0.05510367191487342
2025-04-23,0.0036948065198350033,0.04350082089138141,-0.05161246280129628
2025-04-24,-0.016056561162234084,0.026745786137897465,-0.0668403052978278
2025-04-25,-0.012458484353464083,0.013954089826313298,-0.07846606075355822
2025-04-28,-0.01244471867180541,0.0013357164322982396,-0.08993429137400089
2025-04-29,0.01016453409274698,0.01151382746025953,-0.08068389745203197
2025-04-30,0.01158764086385633,0.02323488642169358,-0.07003119261534618
2025-05-01,0.06051053217402025,0.08515137393809336,-0.013758285175261897
2025-05-02,0.006300215311011881,0.09198806123894365,-0.007544750023164459
2025-05-05,0.03350314642046104,0.12857309714402754,0.0
2025-05-06,-0.004646472517930489,0.12332921326367208,-0.004646472517930489
2025-05-07,0.011477129548788878,0.1362218081702382,0.0
2025-05-08,0.004804177791299935,0.14168041974704026,0.0
2025-05-09,-0.003988046653460753,0.13712734496974632,-0.003988046653460864
2025-05-12,-0.01338024799522719,0.12191229909189683,-0.017314933595448223
2025-05-13,0.003399791521311535,0.12572656701400464,-0.01397400923856651
2025-05-14,-0.0394253620880165,0.08134438949737777,-0.05284844095253116
2025-05-15,-0.008945816494451475,0.07167088102162955,-0.06132148499220347
2025-05-16,-0.0034143918866589296,0.06801177666030078,-0.06452650129802706
2025-05-19,-0.008020113212254376,0.05944620129946432,-0.07202910466468049
2025-05-20,-0.006175399309797935,0.052903697959191476,-0.07775969549124695
2025-05-21,0.0509893091642597,0.10659053013462505,-0.03073529948090903
2025-05-22,0.017316570903822437,0.12575288351119984,-0.013950958569797889
2025-05-23,0.016198572711356607,0.1439884734497756,0.0
2025-05-27,0.000997177964140894,0.1451292335467309,0.0
2025-05-28,-0.0041720912532873244,0.140351649887567,-0.0041720912532873244
2025-05-29,-0.0005558297406034196,0.13971780852581328,-0.004725602021491637
2025-05-30,-0.005199368037051677,0.13379199618090554,-0.00990039991443703
2025-06-02,-0.0007347509291955046,0.1329589414581971,-0.010627876515596046
2025-06-03,0.02464474964634611,0.1608804309300238,0.0
2025-06-04,-0.013466662646071326,0.1452472457942633,-0.013466662646071326
2025-06-05,0.007261410504937338,0.15356335617562422,-0.006303039106738684
2025-06-06,-0.026745696973971667,0.12271050021107333,-0.03288015690674628
2025-06-09,-0.008837614438723662,0.11278841768390135,-0.04142718919604338
2025-06-10,0.008197981297527246,0.12191103632017897,-0.03356882722075438
2025-06-11,0.012194883081301233,0.135592610235725,-0.021783312062586657
2025-06-12,-0.01141652549681893,0.12262808824696969,-0.032951147821837945
2025-06-13,0.007942955658719053,0.13154507337314802,-0.025269921669171524
2025-06-16,-0.0012272558307464543,0.1301563780840984,-0.026466164841207007
2025-06-17,0.01171490446775647,0.14339605208697925,-0.015061308966193176
2025-06-18,-0.00020261806109722613,0.14316437939583926,-0.015260875334069945
2025-06-20,0.03262771645179796,0.18046322262456238,0.0
2025-06-23,0.011188954411810337,0.1936713718073273,0.0
2025-06-24,-0.01552007861614213,0.17514549827503934,-0.01552007861614213
2025-06-25,-0.019038289912699513,0.15277273758927534,-0.03426289277267969
2025-06-26,-0.01953483243171039,0.13025351532862484,-0.05312840533545016
2025-06-27,-0.03178965866405015,0.09432314187248503,-0.08322913012852107
2025-06-30,-0.03322315197257053,0.057966277822954604,-0.11368714806228686
2025-07-01,-0.015129135420840378,0.041960162735088735,-0.12709629522448374
2025-07-02,0.017874588116659984,0.060584771477946386,-0.11149350103611488
2025-07-03,-0.010556216657507722,0.049389008846571825,-0.1208727681407813
2025-07-07,-0.014612669832316016,0.034054633734635464,-0.13371916412053808
2025-07-08,0.014030903659517868,0.04856335467924411,-0.12156446117022679
2025-07-09,-0.007580992303330314,0.040614203957866524,-0.12822387422906711
2025-07-10,-0.009693570431235643,0.0305269368800567,-0.13667449750449745
2025-07-11,-0.010799951971014021,0.01939729545691593,-0.1459983714668004
2025-07-14,0.011432751052804724,0.03105181095977727,-0.13623478344909046
2025-07-15,7.467319152598684e-05,0.031128802889130336,-0.13617028334364145
2025-07-16,0.00030838966399215906,0.031446792354185904,-0.1359038871875754
2025-07-17,0.004000038987880483,0.03557261973752701,-0.13244746904704963
2025-07-18,0.0025385968823163907,0.03820152116140485,-0.13024510289672686
2025-07-21,0.021078524487421424,0.060085277348083777,-0.11191195300008072
2025-07-22,0.015913934726413448,0.07695540525623312,-0.09777897778881595
2025-07-23,-0.006988675515600229,0.06942891338412549,-0.1040843077564032
2025-07-24,0.0002944509417697194,0.06974380773482713,-0.10382050453707581
2025-07-25,-0.00028369819524254325,0.06944032334720096,-0.10407474904255198
2025-07-28,-0.0007504970515583853,0.06863771153771125,-0.10474713830181226
2025-07-29,0.01632410629475478,0.0860822671314363,-0.0901329354267677
2025-07-30,0.014492555240185001,0.10182237438322406,-0.07694663673221502
2025-07-31,-0.016479098194380426,0.08366533528299747,-0.0921577237441581
2025-08-01,0.007402863473209176,0.09168756181074711,-0.0854370913178285
2025-08-04,0.017206234909912466,0.11047139444749243,-0.06970090707115018
2025-08-05,-0.012615461793834548,0.09646228499769394,-0.08143705973483295
2025-08-06,-0.05623125204790724,0.034806837888964326,-0.1330890039507503
2025-08-07,-0.010003287049177634,0.024455368049109083,-0.14176096349031952
2025-08-08,0.04005388978260105,0.06548879044814204,-0.1073851517148352
2025-08-11,-0.008944319944744872,0.055958717808834546,-0.11536898450532762
2025-08-12,-0.0034442169774990816,0.05232176686541923,-0.11841584566771668
2025-08-13,0.032387471623942954,0.0864038082290306,-0.08986356388516203
2025-08-14,-0.006006951781775238,0.07987783293746187,-0.0953307095717405
2025-08-15,-0.0006909011696730749,0.07913174407958135,-0.09595574664266471
2025-08-18,0.003940170727185888,0.08338370738838075,-0.0923936579395056
2025-08-19,0.012745955865383074,0.09719246830802808,-0.08082534756046078
2025-08-20,-0.011789799932497402,0.08425678861923336,-0.09166223281574581
2025-08-21,0.00706862204998171,0.0919209900631095,-0.08524153644579613
2025-08-22,0.025809958584991577,0.12010342559472131,-0.06163165838619167
2025-08-25,0.017500729542522686,0.13970605270570768,-0.045209527828342866
2025-08-26,-0.0020726399231458803,0.13734385244021885,-0.04718846467920512
2025-08-27,-0.007720401889959705,0.12856310081230538,-0.054544552657271206
2025-08-28,0.014327269410848054,0.14473232840478545,-0.040998757747237935
2025-08-29,0.011789155655414163,0.1582277560081342,-0.02969294282858459
2025-09-02,-0.004228498079659304,0.1533301921660457,-0.03379588435651382
2025-09-03,0.09090969695770701,0.258179090428035,0.0
2025-09-04,0.0019255065055190368,0.2606017224517623,0.0
2025-09-05,0.03715590533813107,0.30744052072026484,0.0
2025-09-08,-0.010549752847625271,0.2936473463636955,-0.010549752847625271
2025-09-09,0.023463288553199346,0.3240005673375075,0.0
2025-09-10,-0.005852131457289578,0.3162523419679224,-0.005852131457289578
2025-09-11,-0.009268992520529373,0.3040520088550924,-0.015066880615112188
2025-09-12,-0.01577401780914145,0.2834818692433656,-0.030603233181102585
2025-09-15,-0.0005279730989331544,0.28280422534343663,-0.031115048596175754
2025-09-16,-0.007914379935673344,0.27265162532098164,-0.03878317221554195
2025-09-17,-0.010017075671257758,0.2599033776869921,-0.04841175391594532
2025-09-18,-0.0015662351424111653,0.25793007274081625,-0.04990216486806753
2025-09-19,-0.007971568630446235,0.24790239683366067,-0.057475934966460085
2025-09-22,-0.0018786211808857756,0.2455580609592909,-0.059246580638526614
2025-09-23,0.0037034597052404417,0.250170935048591,-0.05576253825735422
2025-09-24,-0.01013899999955914,0.2374954519386845,-0.06533616188154667
2025-09-25,0.023535496325676863,0.2666205216008293,-0.04333838455376671
2025-09-26,-0.008540543268753198,0.25580289423100666,-0.05150879447404055
2025-09-29,0.006067838590150809,0.2634229034942448,-0.04575350293473135
2025-09-30,0.010402555559988147,0.27656573044360533,-0.03582690073108574
2025-10-01,-0.004006348954475936,0.27145136266412284,-0.03968971461927562
2025-10-02,-0.010864681978349,0.2576374479578387,-0.050123180470474704
2025-10-03,0.0045055857093484475,0.26330384127089923,-0.045843429046760975
2025-10-06,0.0009823304947820244,0.2645448231583549,-0.044906131950316897
2025-10-07,-0.00786569980875551,0.25459829318467553,-0.05241861360557887
2025-10-08,-0.0044999556754021786,0.24895265647490916,-0.05668268784318997
2025-10-09,-0.0029459354758724077,0.24527332253651468,-0.05946163977807728
2025-10-10,-0.001363176772069874,0.24357579486835457,-0.06074375982397251
2025-10-13,-0.0036969232419414855,0.2389783906091898,-0.06421611804841798
2025-10-14,0.004880438223086925,0.24502514810429754,-0.05964908262239277
2025-10-15,0.016397232554557828,0.2654401149940364,-0.04422992994726049
2025-10-16,0.009292953905820522,0.27719979165325204,-0.03534800274169769
2025-10-17,-0.012242239811318445,0.26156400551686687,-0.04715750382660111
2025-10-20,0.006580392220408626,0.26986559148431755,-0.04088742647750698
2025-10-21,0.00033758031300390456,0.2702942731081637,-0.04056364895473141
2025-10-22,-0.022003730179503855,0.2423430606741226,-0.06167482754753928
2025-10-23,-0.0011504477747452668,0.24091380986449984,-0.0627543216541746
2025-10-24,-0.014545325817380661,0.22286431418873343,-0.07638686541664674
2025-10-27,0.007684600626639337,0.2322615380638431,-0.0692892673438551
2025-10-28,-0.007391559166314954,0.22315320399687,-0.07616867079100731
2025-10-29,0.023942802604551394,0.25243891971529164,-0.054049559635856004
2025-10-30,0.05432367338658339,0.32047600252655073,-0.0026620568736194228
2025-10-31,0.014090699161574571,0.3390824326282309,0.0
2025-11-03,0.010503819042693596,0.3531479121838077,0.0
2025-11-04,-0.01655990451749456,0.33073991195999675,-0.01655990451749456
2025-11-05,0.03833334654317111,0.3817516261639884,0.0
2025-11-06,0.021383555693228917,0.4112983890162756,0.0
2025-11-07,-0.020226899864693726,0.38275219782243974,-0.020226899864693726
2025-11-10,-0.014901698480962233,0.3621468414966018,-0.034827183182667754
2025-11-11,-0.001125467162066407,0.3606137899565849,-0.035913453493714886
2025-11-12,-0.020626784625978223,0.3325487023520144,-0.05579945904930317
2025-11-13,0.01345633932079826,0.35047992985235243,-0.04309397618338939
2025-11-14,0.02144380624162978,0.37943935980131616,-0.02257426881721747
2025-11-17,-0.036422028413905294,0.3291973802433732,-0.05817409657083905
2025-11-18,-0.02439929679380004,0.2967658988652737,-0.0811539863166959
2025-11-19,0.043513394713260434,0.3531925852732942,-0.04117187704258851
2025-11-20,0.006364528793884272,0.3618050184459367,-0.035069387845640176
2025-11-21,0.04846276739213762,0.42780185828832784,0.0
2025-11-24,0.0591561848549651,0.5122651689534949,0.0
2025-11-25,0.008947178049853788,0.525795674678714,0.0
2025-11-26,-0.02863129964695288,0.4821101615169632,-0.02863129964695288
2025-11-28,-0.012689994526371873,0.4633021916798328,-0.04095796313752198
2025-12-01,-0.005810791992297948,0.4547992470221076,-0.0465307569255996
2025-12-02,-0.0037759657252642853,0.4493059749282118,-0.05013102410754222
2025-12-03,-0.019224012095223286,0.4214444993365125,-0.06839131678897614
2025-12-04,-0.005852953470763977,0.41312485082062245,-0.07384397906477003
2025-12-05,-0.011664932526492366,0.3966408447842904,-0.08464752655798402
2025-12-08,-0.03976838543233607,0.3410986933583653,-0.12104961652826829
2025-12-09,0.0045915447145218335,0.34725640797550716,-0.1170138765407116
2025-12-10,-0.0331290337725445,0.30262310493540956,-0.14626635364548257
2025-12-11,-0.021606261964192353,0.2744782888895654,-0.16471234645626354
2025-12-12,-0.00016754922771988756,0.27426475103651615,-0.16485229825753867
2025-12-15,-0.011525370930159928,0.25957837711759235,-0.17447768530159113
2025-12-16,-0.0014824309322283291,0.2577111391697873,-0.17570146511614482
2025-12-17,0.022042660536574554,0.28543443886357545,-0.15753173233090423
2025-12-18,-0.0028363936336557316,0.2817884408047009,-0.15992130396187787
2025-12-19,-0.011530814758407226,0.26700837573431424,-0.16960809578837777
2025-12-22,0.007807944956864321,0.2769011073919341,-0.16312444150766747
2025-12-23,-0.001149681212698983,0.275433078178291,-0.16408658161463308
2025-12-24,-0.006150939646282105,0.2675879662915446,-0.16922823460063885
2025-12-26,-0.00034921577623026057,0.267145304575956,-0.16951835320756292
2025-12-29,-0.0011572674657569504,0.2656788785405835,-0.17047944259830417
2025-12-30,0.003408790392923078,0.2699933125422782,-0.16765178089150112
2025-12-31,0.005209973426817172,0.2766099439528591,-0.1633152687880871
2026-01-02,0.018956844667259,0.30081044036105165,-0.14745436630303554
2026-01-05,0.0046008971087189154,0.30679533535510006,-0.14353189156190838
2026-01-06,-0.018920117815328985,0.28207061364965913,-0.1597363690786291
2026-01-07,0.03204235276990064,0.3231511725281444,-0.132812345396929
2026-01-08,0.015701258175788824,0.34392631069360635,-0.11919640814514942
2026-01-09,0.008343813751766627,0.35513978152613257,-0.11184714702282561
2026-01-12,0.006620250525007698,0.36411114637623987,-0.10596735263161627
2026-01-13,0.009310773214148194,0.37681207589904075,-0.09764321740592474
2026-01-14,0.02360014293440249,0.4093050376840697,-0.07634746835887685
2026-01-15,-0.003190457669077884,0.40480870961852045,-0.07929434266201452
2026-01-16,-0.015361268987822974,0.38322906515363386,-0.09343754992299369
2026-01-20,-0.012630194433351893,0.3657586131148798,-0.10488760993344226
2026-01-21,0.015962833627485074,0.3875599906313374,-0.09059907977290915
2026-01-22,-0.00925166633716823,0.37472274857521204,-0.09901255365356398
2026-01-23,-0.006647931530530227,0.36558368586922163,-0.10500225650674244
2026-01-26,-0.020420106944594396,0.3376983209619788,-0.12327820614404528
2026-01-27,0.010704163550840695,0.3520172625712408,-0.11389363267402475
2026-01-28,-0.0021792111794569635,0.34907093143782664,-0.11582464557588956
2026-01-29,-0.1065979509332946,0.20526273448288324,-0.21007592662321917
2026-01-30,0.012050964780048856,0.21978731324684175,-0.200556579436043
2026-02-02,0.05666333946099922,0.2889045358475677,-0.15525744551676512
2026-02-03,0.02675903145999181,0.32339437287123873,-0.13265295292575452
2026-02-04,0.018766156719766114,0.34822939907459705,-0.11637618230993285
2026-02-05,0.047444755450769205,0.4121958132052286,-0.07445286636915271
2026-02-06,-0.010965425580075738,0.39671048511103213,-0.08460188458383411
2026-02-09,-0.04364597069787912,0.3357497002044554,-0.12455532390618196
2026-02-10,0.014275657654509444,0.3548184056366879,-0.11205777541480366
2026-02-11,0.03056874126965292,0.3962334989459595,-0.0849144992890587
2026-02-12,-0.043678789692665365,0.3352477095836446,-0.12488432642541936
2026-02-13,0.00932083934934902,0.34769333897625976,-0.1167275138199334
2026-02-17,-0.04278116557373324,0.2900374470988989,-0.1545149402979259
2026-02-18,-0.002556348468339964,0.28673966184690647,-0.15667629473529965
2026-02-19,-0.001270417881040209,0.28510496477225256,-0.157747668249973
2026-02-20,-0.018437256751872355,0.2614111545836406,-0.17327649074031137
2026-02-23,0.021042379376285503,0.28795424664786795,-0.15588026101917496
2026-02-24,0.010608409558045206,0.3016173927883321,-0.14692549311203618
2026-02-25,-0.022140180759071537,0.27279934843284703,-0.16581271689549149
2026-02-26,-0.007463421066482345,0.2632999109623484,-0.17203860783760527
2026-02-27,-0.009776548494888293,0.2509491981192369,-0.18013321253997616
2026-03-02,-0.012749441194842781,0.23500029488008,-0.19058605593430233
2026-03-03,0.02309047741623338,0.2635170412980501,-0.17189630153846902
2026-03-04,0.0078076162368238,0.2733820974651924,-0.16543078565658687
2026-03-05,0.022018776475677404,0.30142041323740765,-0.14705459267247756
2026-03-06,0.006684312669766435,0.31011951419430317,-0.14135323887965912
2026-03-09,-0.025162544845651613,0.2771535731652257,-0.16295897651292313
2026-03-10,-0.01257080163601032,0.2610987289382438,-0.17348125318038232
2026-03-11,0.0054831399950096005,0.26801350981654104,-0.16894933518307031
2026-03-12,0.0026798908739708027,0.27141164764957004,-0.16672221009062005
2026-03-13,0.011518161025617202,0.286055971737043,-0.15712438232737347
2026-03-16,-0.000272884992022826,0.28570502636345463,-0.15735439043357835
2026-03-17,0.011964472611748933,0.3010878089381681,-0.14727258011651034
2026-03-18,0.006485959355938764,0.3095266115854485,-0.14174182472945152
2026-03-19,0.002100927375743744,0.3122778318929933,-0.1399386866335698
2026-03-20,-0.0015794572642787719,0.3102051451386578,-0.14129711672269163
2026-03-23,0.0005624724700192818,0.310942099462876,-0.14081411999092186
2026-03-24,0.0273849569360346,0.3468421924023015,-0.1172853516668243
2026-03-25,0.008455272266749803,0.35823010983940895,-0.10982175898131918
2026-03-26,0.03547570099053843,0.406414275092418,-0.07824206187465699
2026-03-27,0.007249998925985546,0.41661077707632876,-0.07155931781322966
2026-03-30,-0.00565997095162285,0.40859280122832087,-0.07681426510471168
2026-03-31,-0.02237633574811504,0.377073655775658,-0.09747177906659898
2026-04-01,-0.026934081604144122,0.3399834415560794,-0.12178054781926229
2026-04-02,-0.016520300237427676,0.3178465127883914,-0.13628899684363727
2026-04-06,0.0027798782675254596,0.32150996566922596,-0.13388798539654034
2026-04-07,0.03894011435241718,0.37296971485024444,-0.10016148450587925
2026-04-08,0.017524912470744614,0.3970308889279781,-0.08439189328404006
2026-04-09,0.007053143656247429,0.4068843484798019,-0.0779339777745478
2026-04-10,0.0019722466371921987,0.4096590714050097,-0.07611543616294436
2026-04-13,-0.023571491586283022,0.376431304463859,-0.09789277338612634
2026-04-14,0.0375296757275676,0.4280883249816605,-0.06403698169981231
2026-04-15,-0.01671684179424826,0.4042151983847291,-0.07968332740200357
2026-04-16,0.03335595974421801,0.45105414401426946,-0.04898528151889203
2026-04-17,-0.019910061461392292,0.4221635668231374,-0.06792004301453958
2026-04-20,-0.021599489711653708,0.3914455594932522,-0.0880524944558857
2026-04-21,0.029770542368161457,0.4328696484751364,-0.06090332260454534
2026-04-22,-0.0005036350347693563,0.4321480051199067,-0.06137628459231714
2026-04-23,-0.03839366696390978,0.3771625915683052,-0.0974134909261074
2026-04-24,-0.03000260317422765,0.33584412882709036,-0.12449343578826289
2026-04-27,0.029975196100687218,0.37588631854863386,-0.09824995483857724
2026-04-28,-0.013182468746557152,0.3577487401555508,-0.11013724662612423
2026-04-29,0.011616428637579723,0.37352093150333143,-0.0998002194543165
2026-04-30,0.13891406632881875,0.564322309286206,0.0
2026-05-01,-0.014019446250673973,0.5423913767524378,-0.014019446250673973
2026-05-04,-0.004347750753278645,0.535685443482312,-0.018306243945955702
2026-05-05,0.018931580594015784,0.5647583962226541,0.0
2026-05-06,0.018469048778531727,0.5936579953691075,0.0
2026-05-07,-0.016576480333885257,0.5672407549499325,-0.016576480333885257
2026-05-08,0.03388420646994683,0.6203454642787716,0.0
2026-05-11,0.0037440799421050164,0.6264121672308587,0.0
2026-05-12,0.019093354878039204,0.6574658319177582,0.0
2026-05-13,0.020084019049368962,0.6907544072596727,0.0
2026-05-14,-0.01262267104929593,0.6694125705516867,-0.01262267104929582
2026-05-15,-0.02373207512966302,0.6297939460049502,-0.03605518400127994
2026-05-18,-0.008363809699288849,0.6161626595915117,-0.04411743500290932
2026-05-19,-0.018243622105794555,0.5866779987684283,-0.061556195296233795
2026-05-20,0.00549575876179742,0.595397998282311,-0.05639873453407862
2026-05-21,-0.0014645568893463246,0.5930614471526774,-0.057780692268212586
2026-05-22,0.010857446805522142,0.6103580270730655,-0.04755059625537894
2026-05-26,-0.01701870297395458,0.5829518221285854,-0.06376004975542882
2026-05-27,0.008301635697807064,0.5960929114830771,-0.0559877267627652
2026-05-28,-0.02936065432243118,0.5492305792425398,-0.08370454479341605
2026-05-29,0.02365424544796657,0.5858764596194381,-0.06203026719310334
2026-06-01,0.033270296367081675,0.6386390394325552,-0.030823736199265483
2026-06-02,-0.0031346570889304592,0.6335024679513996,-0.03386177144501157
2026-06-03,-0.023751924639483057,0.5947036404342083,-0.05680941384097338
2026-06-04,-0.035108385918412255,0.5387161696003473,-0.08992331293445788
2026-06-05,-0.016751992147778227,0.5129396084095428,-0.10516891045005594
2026-06-08,-0.007039702646392421,0.5022889634443901,-0.11146825523923498
2026-06-09,-0.016215028748378768,0.47792930471376716,-0.12587582302437794
2026-06-10,-0.006635750275026275,0.4681221349235434,-0.1316762927721511
2026-06-11,0.021566930664321804,0.4997850232141956,-0.11294921558418114
2026-06-12,0.0043138777179538845,0.5062549124075604,-0.10912258697059618
2026-06-15,0.0038006049453205293,0.51197959227657,-0.10573671386896222
2026-06-16,0.025392990633963497,0.5503732759019926,-0.08302869461993945
2026-06-17,0.02688984690169194,0.5920625759314719,-0.05837147660502495
2026-06-18,0.010361892652728244,0.6085593574396999,-0.048614422926859135
2026-06-22,-0.0180730335994731,0.5794878101259453,-0.06580884642735618
2026-06-23,-0.027091277953484205,0.5366974668376832,-0.0911172786304788
2026-06-24,0.018532005049098244,0.5651755520520556,-0.07427385944902065
2026-06-25,-0.05660197163661396,0.4765835298484835,-0.12667178419975933
2026-06-26,-0.04975230435087441,0.40312009667197324,-0.1701218753904591
2026-06-29,-0.059990680768984284,0.3189459668719785,-0.2199068290410734
2026-06-30,-0.016527338226806076,0.2971473007746035,-0.23279969272593326
2026-07-01,-0.006603465388161256,0.2885816334705915,-0.23786587340080434
2026-07-02,-0.03224672951568963,0.24702909007717988,-0.26244220643592486
2026-07-06,-0.005141287553974916,0.2406177549369215,-0.266234203140313
2026-07-07,-0.011826729531152713,0.22594530429773663,-0.27491225275898323
2026-07-08,0.022710309863750666,0.2537869020343484,-0.25844528534073086
2026-07-09,0.017402297672674205,0.2756056749216502,-0.2455405294556552
2026-07-10,0.001918571340967512,0.2780530154119305,-0.24409304513754726
2026-07-13,-0.008983679548926204,0.2665713966749308,-0.25088387098883624
2026-07-14,-0.02757874865975629,0.23164094246639633,-0.2715435564278047
2026-07-15,0.008407183369153914,0.24199557371466884,-0.2654192895302515
2026-07-16,0.061963932059175386,0.31895450306212103,-0.2199017802947233
2026-07-17,0.023135289504141343,0.34946889733325426,-0.20185398214017636
2026-07-20,-0.03647706818185337,0.30024422835593856,-0.23096800885272395
2026-07-21,0.01727162521155934,0.3227015593515956,-0.2176855765259289
2026-07-22,0.008931113398687685,0.3345147569707858,-0.21069863769645303
2026-07-23,0.058346419348309864,0.4123789146075112,-0.1646457294192979
2026-07-24,0.02886396275394909,0.4531457669932055,-0.14053409486690416
2026-07-27,-0.00964885036595664,0.4391245809275648,-0.14882695278017488
2026-07-28,-0.012485863468423508,0.421155867896051,-0.15945458323576367
2026-07-29,-0.01454735735774526,0.4004818056247106,-0.17168229778884792
2026-07-30,-0.00501668826623447,0.3934560249833583,-0.1758377094862449
2026-07-31,0.10373153567775262,0.5380013583542989,-0.09034608944355893
2026-08-03,0.06711370564170116,0.6412223287954257,-0.029295844654651626
2026-08-04,-0.009061379855416662,0.6263505898470187,-0.03809176373346734
2026-08-05,-0.01609238988400563,0.600178722067118,-0.053571166104104506
2026-08-06,0.020904222597273536,0.6336292142686297,-0.033786807087866744
2026-08-07,-0.0026847752958676363,0.6292432869115536,-0.03638087239873866
2026-08-10,0.0030518995928887627,0.6342155738355957,-0.03344000357551258
2026-08-11,0.033929362388756656,0.6896634662616135,-0.0006452391863508433
2026-08-12,-0.021831626715885122,0.6527753641907215,-0.022462779281177014
2026-08-13,0.0008281663124538596,0.6541441370693979,-0.02165321588580793
2026-08-14,-0.00165048844621829,0.6514139912827852,-0.023267965949383185
2026-08-17,-0.024886574292102503,0.6103159543017087,-0.047575480278260196
2026-08-18,0.011864547606773579,0.6294216246034683,-0.03627539422216319
2026-08-19,0.016368923856394213,0.6560935031065647,-0.020500259531652243
2026-08-20,-0.010929408678566177,0.6379933804011948,-0.031205612495780244
2026-08-21,-0.010607813709518354,0.6206178517644747,-0.041482402881251934
2026-08-24,-0.005222057426685023,0.6121548922758497,-0.046487836817894146
2026-08-25,0.0017425748156074672,0.614964192789988,-0.04482627053595756
2026-08-26,-0.0019781773347766762,0.611769507227335,-0.04671577355835743
2026-08-27,0.01390206088096213,0.6341764250428878,-0.03346315820550483
2026-08-28,-0.0006669675931096908,0.6330864823259603,-0.034107806956528375
2026-08-31,0.008738046289051837,0.6473564676025494,-0.025667796263480702
2026-09-01,0.00039989343757584894,0.6480152346432917,-0.02527816720918774
