simulation_id,mean_daily_return,daily_std,estimated_standard_error,sample_sharpe
1,0.0001624839545843968,0.010482570485476538,0.0006603398715542031,0.24606109911547197
2,0.0001518624876366642,0.00986160332242886,0.0006212226171313114,0.24445743514287432
3,0.00023293257021699747,0.00938649562628708,0.000591293645465502,0.39393721208287114
4,0.0006329928494728846,0.00988551447040209,0.0006227288778717693,1.0164822476776625
5,0.0011103081420139958,0.01009509132372941,0.0006359309786922347,1.7459569972472446
6,0.0005258113819220228,0.010268377488195451,0.000646846980997601,0.8128837226867615
7,0.0008358858673917349,0.010133517984599145,0.0006383516307964237,1.3094442421159986
8,-0.0007878112585662416,0.009277827822523977,0.0005844482172684369,-1.347957330160527
9,0.0006886122152324272,0.010300751686126906,0.0006488863637743108,1.0612215846655293
10,-0.00010412850987582487,0.009730484785919305,0.0006129629257057155,-0.16987733761538645
11,0.00015028230259610595,0.00977019469419622,0.000615464414798237,0.24417707828871282
12,-0.00035290166778758215,0.009410641905381417,0.0005928147180743395,-0.5952984246644969
13,0.0002972756477475681,0.010215017626758045,0.0006434856256795952,0.46197713808076235
14,0.0005606259684233825,0.00967385705115396,0.0006093957137176672,0.9199703178140833
15,-0.0007842525396148909,0.009944239488946044,0.0006264282063195063,-1.2519432102565429
16,-1.926415896646219e-05,0.009239491708513934,0.0005820332690802656,-0.0330980375003367
17,0.0003319050805979983,0.011002651354914636,0.000693101886844095,0.4788691055354988
18,0.00011378850286430594,0.010096687565255379,0.0006360315324567611,0.17890387041784214
19,0.0009228474629709618,0.009360035460001737,0.0005896268116645394,1.5651382276286379
20,0.0005601187794101865,0.010408911490126425,0.0006556997909942207,0.8542305291281135
21,-0.00035415960713668245,0.010356119075069548,0.0006523741814382446,-0.5428780249333153
22,0.0008796226179280458,0.010169011989627313,0.0006405875429473334,1.3731497398168497
23,0.0006097695856848029,0.009866251512995947,0.0006215154256143339,0.9811012897742305
24,0.0005352481562697323,0.009953299096850075,0.000626998907974026,0.8536668078087075
25,-0.0006612605652314148,0.010171766901092776,0.0006407610860573718,-1.0319923909552267
26,0.00016320326679210629,0.01098739685503402,0.0006921409436760289,0.23579484537544856
27,0.0006659755908877579,0.009926666664916798,0.0006253212224572567,1.065013575376102
28,-0.0002880551957891423,0.00998829462606806,0.0006292034191004518,-0.45780933009067853
29,0.0009806056293440492,0.010258087201820176,0.0006461987538864435,1.5174984839360601
30,-0.0003924731824925486,0.010154935584202766,0.0006397008127543079,-0.6135261588971704
31,-0.00017606217485611634,0.010400695785451233,0.0006551822502462276,-0.2687224429385098
32,0.001002022714718278,0.009993177184475274,0.0006295109913696717,1.5917477668469397
33,-0.0006382244472646321,0.009440258923611354,0.00059468041485557,-1.073222576902314
34,0.0004977678725190053,0.009857561954664598,0.0006209680348917688,0.8015998321165814
35,-0.00027693635400792506,0.010429605763001074,0.0006570034076511166,-0.4215143342985283
36,0.00030187066891050113,0.010066778587224035,0.0006341474439367842,0.47602599647250726
37,6.385577526738235e-07,0.01043574833042142,0.0006573903530274424,0.0009713524844608835
38,0.00040160539567454947,0.010291221064105441,0.0006482859910193452,0.6194880056610159
39,-0.000917024797595088,0.009887766673699805,0.0006228707533438578,-1.4722553477941862
40,-0.0008973927506066504,0.009128755258847548,0.0005750575284400875,-1.5605269146565839
41,0.0009924499854730767,0.010606673738329318,0.0006681576416480751,1.4853530418736263
42,-0.0006086101586900818,0.010463378119279592,0.000659130866124965,-0.923352538879123
43,0.0005211604090662995,0.010398466477687898,0.000655041817057237,0.7956139524154394
44,0.0006897792594369154,0.009685957491580284,0.0006101579698158197,1.1304929109507984
45,-0.0009204301171200141,0.008727639555412706,0.0005497896141960083,-1.6741496990008018
46,9.479386491658734e-06,0.00963139407980785,0.0006067207979531274,0.01562396826289622
47,-0.0017898323418513511,0.00985554875259052,0.0006208412150816037,-2.8829148232629733
48,-0.00039779076799865656,0.010444122090953831,0.0006579178503585655,-0.6046207254930999
49,-0.0001750147327790455,0.009927056545510769,0.0006253457826261295,-0.2798687344529197
50,0.0011871099687274494,0.010248389772059243,0.0006455878732315876,1.8388046274555794
51,7.477620025436046e-05,0.009907675266390713,0.0006241248768013201,0.11980967757220842
52,-0.0001325636939396513,0.00980364057641706,0.0006175713073395585,-0.2146532592498893
53,0.0005280007389872066,0.009828402821182032,0.0006191311821384114,0.8528091529222447
54,0.0005867664757208364,0.00973568791291477,0.0006132906918978557,0.9567509885158392
55,-8.132138787057456e-05,0.010680871727658938,0.0006728316756372941,-0.12086438676292757
56,0.0005416559256366074,0.010547334068538939,0.0006644195938112647,0.8152317160448921
57,-0.0011708144367155763,0.009965054530862154,0.000627739430710921,-1.8651280761344204
58,0.0002066135915517128,0.00977951222764627,0.000616051364234936,0.33538370913000537
59,-0.00011213217150445399,0.009837068817406317,0.0006196770885877467,-0.18095258574107503
60,-0.00042432999540257453,0.009305538349022766,0.0005861938163592574,-0.7238732029587255
61,0.0011262080578777133,0.010036160814966711,0.0006322187055774582,1.7813583304990215
62,0.0006761809058328192,0.009679377772188887,0.0006097434864537667,1.10895962130805
63,-2.0687086626011167e-05,0.01018453084315715,0.0006415651388300189,-0.03224471744792256
64,-0.00047500320744975414,0.010349151198793234,0.0006519352464907828,-0.7286048883023075
65,-0.000893749229463938,0.010258431493294733,0.0006462204422107339,-1.3830407877633875
66,-9.251021635312818e-05,0.010045609176526443,0.0006328138964104123,-0.14618866127606425
67,-0.0005875373705167408,0.009770800145639353,0.0006155025546541764,-0.9545652833997611
68,0.0005795819808149657,0.011218537924074522,0.0007067014624011428,0.8201227981695889
69,-0.0006384692998937153,0.010488943080472015,0.000660741307305731,-0.9662923943671194
70,-2.3252116782589923e-05,0.009667413334581907,0.0006089897977279377,-0.03818145536976246
71,0.00017960027972132748,0.009918997453810946,0.0006248381075682534,0.2874349012103252
72,0.00011120423866932023,0.010464356614975114,0.0006591925055599482,0.1686976683311323
73,-0.00011562287189051761,0.009343907788115885,0.0005886108638303391,-0.19643346563145445
74,-0.00013193573816545198,0.009660441448918419,0.0006085506102128242,-0.21680323041548016
75,0.0005117308046380431,0.010457409585249428,0.0006587548838217402,0.7768151966771878
76,-0.0002686915750588147,0.010788999323494653,0.0006796430739335942,-0.39534218086516937
77,0.0008113398092646192,0.00930385208885379,0.0005860875919532368,1.3843320015711151
78,-0.0008384623083528566,0.010074408052756252,0.0006346280550899886,-1.3211869560887357
79,0.0006378093256649282,0.010262175066225175,0.0006464562651390382,0.9866240920841718
80,-4.9116560464384635e-05,0.009882411822870703,0.0006225334294485803,-0.07889786819623562
81,0.0015266725606304014,0.009520705935042824,0.0005997481002357137,2.5455229621075692
82,0.0008422995798662511,0.010491045406939615,0.0006608737414249675,1.2745242049564498
83,0.000330290652540951,0.009939764649508772,0.0006261463179312214,0.5274975562137404
84,-0.0008719367832206066,0.010094522256851505,0.0006358951308484657,-1.3711958795111292
85,-0.0005667167467715589,0.009664639341422152,0.0006088150525841447,-0.9308520615022615
86,-0.00030419621700642494,0.010314440722423428,0.0006497486920059472,-0.4681751894987125
87,-8.554567905294804e-05,0.01091969436173391,0.0006878760874757645,-0.12436204806430635
88,5.433274977593817e-05,0.010168577142870026,0.0006405601501764238,0.08482068352359068
89,0.0005006158386398026,0.010349187108579643,0.0006519375085946988,0.7678893023334681
90,-0.00012351218335567084,0.01039225977531089,0.0006546508315583951,-0.18866879472473946
91,-0.0008076685751788946,0.009767826847936424,0.0006153152545042786,-1.3126093807467576
92,-0.00046923480363833265,0.010129364326807857,0.0006380899749500662,-0.7353740413725395
93,-0.002050754383765211,0.00950559826881988,0.0005987964067186547,-3.4247940714994316
94,-0.0009800795009705047,0.010175036372228143,0.0006409670433798215,-1.5290637967945153
95,-0.0004416056215283671,0.010655500503421119,0.0006712334387375198,-0.6579017016180764
96,0.0004260242872401452,0.009860431959539458,0.0006211488282051121,0.6858650743513371
97,3.1784577887630096e-05,0.010405245213384344,0.0006554688372680996,0.0484913638611771
98,-0.0005292889430020192,0.011251840576042393,0.0007087993322846171,-0.7467401828610698
99,-0.0002850572452062569,0.009558052630404842,0.0006021007209075707,-0.47343780750931275
100,0.0008837666275620163,0.010010309192278449,0.0006305902064198245,1.4014912038986471
101,0.0006846771971150776,0.00957954450788654,0.0006034545819319622,1.1345960700523325
102,-0.00016021419143955867,0.009740590712442881,0.0006135995392378411,-0.2611054624300444
103,-0.0014598420817545903,0.010393592741936242,0.0006547348005630768,-2.229669295872337
104,-0.0007674854727577263,0.010627281887813684,0.0006694558330413341,-1.1464318254888366
105,4.818108699877201e-06,0.010572626222779024,0.0006660128497693684,0.0072342578698679
106,-0.00028238565144270535,0.009832722980605299,0.0006194033266016999,-0.45589947505123773
107,0.0006346307224289873,0.010363349449879523,0.0006528296522390298,0.9721230036846134
108,0.0005311263473694607,0.010754772058942735,0.0006774869589321088,0.7839654186209732
109,-0.0007496035615852828,0.01001785170744465,0.0006310653402148174,-1.1878382693781195
110,-0.001056865179059585,0.010075441331451922,0.000634693145529602,-1.665159276578784
111,-0.00022765783309061793,0.010277138486410166,0.0006473988720098109,-0.35165003050417415
112,-0.0006006594160517647,0.009173771547167583,0.0005778932880553731,-1.0393950379195445
113,0.00033476003722202844,0.010487134779138584,0.0006606273950289756,0.5067304803600305
114,0.000157216936638598,0.009113502365083377,0.0005740966864478474,0.27385097379913204
115,-0.00030071233237878743,0.009959300939771593,0.0006273769885401786,-0.47931680292977336
116,0.0007729331817433175,0.010094157971418842,0.0006358721830232022,1.2155480336763123
117,0.0012778098619723277,0.010747078510391597,0.0006770023109281584,1.887452732946321
118,-0.00040023974961170814,0.00986274178239163,0.0006212943333679565,-0.6442031226038392
119,-3.23585842511894e-05,0.010386445756385957,0.0006542845827918904,-0.049456437003470945
120,-0.00034706390493514705,0.009101530427584133,0.0005733425252732138,-0.6053343152415936
121,0.0011823732856284512,0.009615410777037129,0.000605713944518347,1.952032467353304
122,0.00021168308157994164,0.009640703539539663,0.0006073072387933834,0.34856011596456526
123,0.000594860368741935,0.009505643722295688,0.0005987992700184931,0.993422000537114
124,-0.00043965759509350603,0.010070588316736968,0.0006343874343380614,-0.6930427232567393
125,0.0006985655257497942,0.009886869904724527,0.0006228142622083324,1.1216273745448093
126,-0.0006153138318089361,0.010934912498506167,0.0006888347399833159,-0.8932677115324344
127,-0.00045828583986178467,0.010557376844714398,0.0006650522292453825,-0.6890975170202642
128,0.0008079254143645426,0.009888008829223043,0.0006228860077079789,1.297067849280239
129,0.00011654615390035793,0.009807107421077927,0.0006177896980254333,0.18865020616701822
130,0.0008466516794807283,0.010036748795424506,0.0006322557448647699,1.339096854963041
131,3.71556717755479e-05,0.010249954024292851,0.0006456864118601092,0.05754445361256548
132,0.0008240341008654293,0.010186107114680251,0.0006416644346026102,1.2842134555513625
133,0.0007157816465692793,0.009570457366643576,0.0006028821458401193,1.1872662866335741
134,0.0006657268226966038,0.010370125093301902,0.0006532564776549361,1.0190895084369218
135,-0.000529393512163479,0.008875668261860998,0.000559114546199836,-0.9468426742992764
136,0.0004759065210777558,0.01007179735204573,0.0006344635964036158,0.750092714184671
137,0.0004060507723998131,0.009892780039279158,0.0006231865656903915,0.6515717679985181
138,0.0004879515237546152,0.010162450784699585,0.0006401742258868643,0.7622167591621364
139,-0.0010900121722951905,0.010715988675405318,0.0006750438354120696,-1.6147279852275225
140,0.000449005425012038,0.009768560853642822,0.0006153614925176127,0.7296612324164673
141,-5.0791713331545934e-05,0.010605489442392426,0.0006680830380164627,-0.07602604832229604
142,0.000723489220142028,0.009829364016476385,0.0006191917317505596,1.1684413454562803
143,-0.0004062583197418653,0.009836817771691453,0.0006196612741941935,-0.6556135370411246
144,-0.0001233627769425071,0.010060117264796112,0.0006337278200666151,-0.19466208210575264
145,-2.3722442087487465e-05,0.009944652391322256,0.0006264542167243446,-0.03786779856240624
146,0.00022710490924272427,0.010434885170040467,0.0006573359790343576,0.345492893263422
147,0.0004540942402344885,0.010091341243251962,0.0006356947458270013,0.714327502650252
148,-7.171905428796463e-06,0.010579774039014169,0.0006664631198687823,-0.010761143737718776
149,0.0015657422474391366,0.010390714747321768,0.0006545535039434462,2.3920767943431827
150,0.0012704507739589776,0.01048565416280504,0.0006605341249669362,1.9233688706432415
151,0.0006592579937246113,0.009390355050548365,0.0005915367663416747,1.114483547323279
152,0.00022540937113851023,0.009089603667000857,0.0005725912099767864,0.393665440913158
153,-0.0003781617569958752,0.010000938514539967,0.0006299999092076304,-0.6002568436422482
154,0.001000051123587873,0.010382715369694566,0.0006540495905185684,1.529014218623659
155,0.0005198353780490547,0.009713811089224386,0.000611912581541647,0.8495255592545361
156,1.8942383871054726e-06,0.009825687560109805,0.0006189601367683704,0.0030603560303502095
157,-0.0006270057053192009,0.01046125683889116,0.0006589972380209452,-0.951454223392773
158,-0.0006547020033027912,0.010213301521706379,0.0006433775212226816,-1.0176016129046417
159,0.000264844761428013,0.01066371227057934,0.0006717507314452583,0.3942604734619414
160,0.00018279111381382535,0.009990712262563657,0.0006293557158844494,0.29044165199476163
161,-0.0013049009488312487,0.009753196270166147,0.000614393614734818,-2.123884294263808
162,0.0006601472464171784,0.009704742488024266,0.0006113413133627247,1.0798341809847487
163,1.553423947723644e-05,0.009506092880810573,0.0005988275643453891,0.025941089559258612
164,-0.00013911129521889388,0.010630558736225518,0.000669662255088519,-0.20773351665236903
165,-0.0004065774918137881,0.009976378885556018,0.0006284527980032603,-0.646949927036014
166,0.0013104905809482124,0.009302748704737086,0.000586018085287204,2.236263033257666
167,0.00030383952234241967,0.009709249406730229,0.0006116252225549905,0.49677402294360384
168,6.18435283439573e-05,0.00992787072671102,0.000625397071220844,0.09888682117303797
169,-0.0012173567882851615,0.010151942154981117,0.0006395122444379327,-1.9035707273362628
170,-0.00020558996531011884,0.009945285245734018,0.0006264940828050502,-0.32815946862517054
171,-0.0003783145366820103,0.0094393755179636,0.0005946247655305522,-0.6362239829423523
172,-0.0007848295161105501,0.010160836744100565,0.0006400725508861271,-1.2261571208201618
173,0.0006490186792909244,0.0103174570474712,0.0006499387026237982,0.9985844459959692
174,0.0004000626637581869,0.010272666532576729,0.0006471171653974814,0.618222920284389
175,-0.0008891886497582072,0.009670384577283002,0.000609176968424888,-1.4596557254246305
176,0.0005255253937670098,0.010266645590861519,0.0006467378817204134,0.8125786483529287
177,0.0009903242020948373,0.010633836903354933,0.0006698687602071033,1.4783854105820053
178,0.0007216236347782445,0.010416452978110375,0.0006561748600828139,1.0997428866555028
179,-0.001129619056723722,0.009933018564173215,0.0006257213544997667,-1.8053068647893544
180,0.0012674751109350336,0.010387433792507563,0.0006543468232172266,1.9370081216307276
181,-0.0007402096320694812,0.010165651561383614,0.000640375855865631,-1.1558987199305
182,0.0013226290923044595,0.010322912370254338,0.0006502823556572689,2.0339304623568024
183,-0.00020263383827157788,0.00908561321480666,0.0005723398351166783,-0.35404461796769493
184,-0.00012543472651882555,0.010326400520548399,0.0006505020884718808,-0.19282755388762707
185,-0.00014339091533636713,0.009004503019642278,0.0005672303730881814,-0.25279132102130153
186,2.160679679657288e-05,0.00962687010561384,0.0006064358143661031,0.03562915692761004
187,-0.0006690524023533149,0.009113299498456894,0.0005740839070515857,-1.165426158328447
188,0.0004962139988167833,0.00946203741233004,0.0005960523306908193,0.8325007273131133
189,0.0004154779144901196,0.010022608551986743,0.0006313649932549072,0.6580629571306856
190,-0.00040072147006706013,0.010374585864871031,0.0006535374798508261,-0.613157596039522
191,-0.001052043266103696,0.009559692956460655,0.0006022040517364455,-1.746988023528149
192,0.0007458335828474944,0.010307815758754372,0.0006493313585223006,1.148617840581127
193,0.00030103220097341235,0.009945166638655745,0.000626486611261411,0.48050859437729004
194,-0.00032432557240701164,0.010396891815257037,0.0006549426226479289,-0.49519692442028795
195,0.00015453829161151447,0.010134090052572556,0.0006383876676914396,0.24207593509812209
196,-0.00042477513288096536,0.009770847371170338,0.0006155055295829984,-0.6901239915240863
197,0.00012774629688257113,0.00990416437172076,0.0006239037112257002,0.2047532248711986
198,-0.00023131070497609414,0.010935130408963583,0.0006888484670518493,-0.3357933072945105
199,-0.00034790263075419484,0.009648008065385396,0.0006077673806703608,-0.572427283561125
200,-9.65173529875067e-05,0.01041108773879049,0.0006558368817741291,-0.14716670512096539
201,0.00048080926850557694,0.009614663236549944,0.000605666853893965,0.7938510509768674
202,-0.00036202066088199573,0.009853838457177045,0.0006207334765974963,-0.5832143335757959
203,0.0002472751459681391,0.009344305212695853,0.0005886358992256605,0.4200816604855819
204,-0.00029302205829812245,0.010553656249109176,0.0006648178537525145,-0.44075539885726805
205,0.0003490695959127008,0.010771831219629224,0.0006785615850452501,0.5144258142603563
206,-6.384530752185582e-05,0.011059692149430197,0.0006966951191506119,-0.09164023942021289
207,-0.0001335478360558879,0.010038673382550791,0.0006323769824579277,-0.211183897833873
208,2.291065114328457e-05,0.010183736139426011,0.000641515077200529,0.03571334791266801
209,-6.794236745118071e-05,0.010044572398818504,0.0006327485855537442,-0.10737656156389755
210,9.046786771413177e-05,0.009667891807620068,0.000609019938696224,0.1485466434938129
211,-0.00044040479931566995,0.009371990140487748,0.0005903798857495209,-0.7459685025626356
212,0.00014277209131034087,0.011082484931461363,0.0006981309294587493,0.20450618255952363
213,-0.0002568571127291968,0.009399465849730696,0.0005921106927436152,-0.4337991457965721
214,-0.00032797559221402434,0.009317309185233815,0.0005869353093434886,-0.5587934257710252
215,-0.0010088993545043555,0.009180803744691874,0.0005783362748606007,-1.744485688274587
216,0.00098571669199687,0.010009613228381876,0.0006305463648152576,1.563273927184836
217,-5.4534058963250525e-05,0.009442736548054553,0.0005948364905250681,-0.09167907455561909
218,0.0006033908515950681,0.01003346193449151,0.0006320486920880376,0.9546588089624942
219,-0.00015064539415931037,0.00948131962790984,0.0005972669960991641,-0.25222454135787997
220,0.0014531249246429957,0.01075794630462752,0.0006776869176150173,2.1442422553425944
221,0.0012984387032330517,0.010048361176932865,0.000632987256140968,2.0512872741688906
222,-0.0001307726844839441,0.009796374221134762,0.0006171135699820631,-0.21191023961399053
223,0.00046866788609350535,0.01033530259149053,0.0006510628662306031,0.7198504328881593
224,-0.001130405467827163,0.009646391987021679,0.0006076655773025135,-1.860242722395339
225,6.848311568115536e-05,0.01047108379964377,0.0006596162783613023,0.10382265860886469
226,-0.00011512325437048801,0.009924754472821502,0.0006252007656776582,-0.18413805722983295
227,0.0008438131420772381,0.01040673819344038,0.0006555628861714484,1.2871581962261311
228,0.0012490296314795384,0.010404863030749695,0.0006554447620250832,1.9056215013764033
229,0.0002096494207591152,0.009952045659855597,0.0006269199488651813,0.3344117875633276
230,-0.0004393589527159417,0.009436874055405312,0.0005944671882009529,-0.7390802409895522
231,-0.0005106258656420495,0.009384347912833166,0.0005911583522348715,-0.863771718206519
232,0.0007832813408184307,0.01123929370470369,0.0007080089536823759,1.106315586469014
233,0.0018199938732352476,0.008948026579569529,0.0005636726917699258,3.2288132808429792
234,-0.00012367123548580504,0.010919316865576963,0.0006878523074530939,-0.1797932988605093
235,0.0006282622891925993,0.00944018402190463,0.0005946756964915517,1.0564788386328896
236,-2.021966572546863e-05,0.009991210680012385,0.0006293871132325073,-0.03212596079640275
237,0.0014698612655068958,0.010655181385606442,0.0006712133362047444,2.189857063654252
238,-0.0003154713131259354,0.010431210292200758,0.0006571044834900145,-0.4800930765993311
239,-3.2941110404461596e-05,0.009713242962220285,0.0006118767929043625,-0.05383618203282691
240,0.00040501126574186763,0.009700134145752562,0.0006110510150863629,0.6628108877040738
241,0.0002660955711232188,0.010553332712662393,0.0006647974728720799,0.40026561769800956
242,-0.0009366131408979128,0.010397731269934493,0.000654995503322059,-1.4299535434175088
243,0.0008180557658861258,0.00989015587525471,0.0006230212588949598,1.3130463113523523
244,-0.0003719252333536823,0.009970301562104537,0.0006280699626106527,-0.5921716615896225
245,0.0008004804477972631,0.009575619623277682,0.0006032073374414939,1.3270403029122684
246,-0.0002684535995274183,0.009971059121666539,0.0006281176843774235,-0.4273937929219484
247,0.000509530365207111,0.009372584883374824,0.0005904173510298358,0.8630003239545083
248,1.998012298416691e-05,0.010753290935125056,0.0006773936569015736,0.029495586178879814
249,-0.0006260786617376655,0.00953742588707702,0.0006008013582122712,-1.0420726471068722
250,0.0019085063757512057,0.010411511524187988,0.0006558635777448681,2.9099136474591933
251,6.584999645739218e-06,0.009465364375364263,0.0005962619096624778,0.011043803971088388
252,0.0001315805124592791,0.010483882391809737,0.0006604225138851806,0.19923686684333017
253,-0.00023157539405011207,0.0106668733676829,0.0006719498618454046,-0.3446319542564183
254,0.00048062492129215636,0.009914338707264159,0.0006245446341210135,0.769560564664189
255,-0.00030091216569970685,0.009274496190584309,0.0005842383441833806,-0.5150503534996611
256,0.00015933569288855098,0.009801874717288042,0.0006174600686703738,0.2580501978559704
257,0.000985738997444493,0.009743154644891379,0.000613761051800629,1.6060631324724324
258,0.00036467745125857493,0.0101693909467631,0.0006406114150030203,0.5692646785834368
259,-0.00026355236984185827,0.00975621343084615,0.0006145836779925516,-0.42883073416904566
260,-0.0005376526136682784,0.01052601681926749,0.0006630767333301164,-0.8108452410448325
261,0.00026947303521693804,0.009893741715787104,0.0006232471456161467,0.4323694654879406
262,-0.0006189356373023188,0.01142781405263019,0.0007198846193416351,-0.8597706086127546
263,2.0338977746440524e-06,0.010286395258872455,0.0006479819938640568,0.0031388183528302696
264,-0.0004607256387364094,0.010006575523206048,0.0006303550073759344,-0.730898673517857
265,-3.425819055463205e-05,0.009682875863676348,0.0006099638455046994,-0.0561642969613813
266,8.751317524726183e-05,0.009880356916663191,0.0006224039825249461,0.14060510167727644
267,0.0007117888451805692,0.010085095078608282,0.0006353012744390216,1.1203957457964915
268,-0.000508887706011923,0.010220060211368493,0.0006438032786520773,-0.7904397552578091
269,-0.0012379385579871483,0.010059090275864874,0.0006336631258449182,-1.9536225282739896
270,-0.00037809100274858673,0.010328386796389866,0.000650627212088826,-0.5811177210598568
271,0.0002514639432179418,0.009677571084043421,0.0006096296757983012,0.4124863883777531
272,-0.0005581922546882505,0.009857663602906852,0.0006209744381291547,-0.8988973143080548
273,0.000758891089243838,0.009427454027493646,0.0005938737822200588,1.2778659573199216
274,0.00023078271021949507,0.0100211134934103,0.00063127081341708,0.3655843186702458
275,6.567724017528176e-05,0.0101400540456906,0.0006387633639440883,0.10281935984830616
276,0.0007257099075279753,0.010076281199116818,0.0006347460522194954,1.143307477045993
277,-0.0002485173115562689,0.009634660575378923,0.0006069265678326454,-0.40946850035537635
278,-0.0003493639781594566,0.010505419403227577,0.0006617792180803035,-0.5279162122571565
279,0.00011840467039407124,0.00958345061895772,0.0006037006438007179,0.19613142972422726
280,-0.0002494344515550914,0.00973530501327411,0.0006132665714877061,-0.40673087879222797
281,0.0004607583520107281,0.009876839082721722,0.0006221823798163091,0.7405519136475075
282,-0.00012575473112335094,0.009448439631801048,0.0005951957510321967,-0.2112829785919428
283,0.00040167919309449645,0.009954009423117577,0.0006270436543229195,0.6405920709431768
284,2.8374156624551924e-05,0.01001460142418711,0.0006308605916150562,0.04497690456763465
285,-0.0007517087015252569,0.00978888703825045,0.0006166419217931977,-1.2190359995948448
286,-0.00020367636363496222,0.009472634057894166,0.000596719856616871,-0.3413266064074257
287,0.00022236904123904472,0.009581638624442192,0.0006035864988753584,0.36841288142358586
288,-0.0002098486843555893,0.010917602823282278,0.0006877443329376562,-0.30512601021259456
289,-0.0005670755779399695,0.009593632462671186,0.0006043420396662882,-0.9383354801084219
290,9.3738977387607e-05,0.009872207980646733,0.0006218906478071049,0.1507322512698125
291,0.0006527516832591713,0.01073845708804702,0.0006764592123693154,0.964953498042982
292,-0.000232674573374518,0.00988383770100879,0.0006226232513284199,-0.37370042457953007
293,0.0007325069669602161,0.010139212504713358,0.0006387103518454252,1.146853131225734
294,0.000898226932742636,0.010309097153986604,0.0006494120788345785,1.3831386295656456
295,0.000735192766312348,0.009834676739544562,0.0006195264018463442,1.1867012674864041
296,0.0004865250304928005,0.010722683310523779,0.0006754655577844926,0.7202810341486374
297,-0.0012862581031984521,0.010534760171427696,0.0006636275127453775,-1.9382229918065004
298,-0.0007293421819391902,0.009873362674893336,0.0006219633867075055,-1.1726448815582486
299,-0.00040333689897135554,0.010155856853013472,0.0006397588472343976,-0.6304514595068652
300,-0.0005852980177591935,0.009859832926884004,0.0006211110926947898,-0.9423403069808083
301,0.0010482754060871945,0.01040955631383568,0.0006557404110697961,1.5986133969950154
302,0.0003669816690593683,0.010384466876643354,0.0006541599250853801,0.5609968678706057
303,5.226147693224262e-05,0.0103305174231124,0.000650761428956553,0.08030819683956987
304,6.678538430233864e-05,0.0102719279026614,0.0006470706360863655,0.10321189152744167
305,0.00024550680677359584,0.00964587159154309,0.00060763279546871,0.4040381108531496
306,0.0005309239249597012,0.009604000228949139,0.0006049951475525431,0.8775672451382612
307,-0.0007465465427914827,0.009808497513238154,0.0006178772656005625,-1.2082440710386984
308,-0.0010414280595095599,0.009861778127065053,0.0006212336287883444,-1.6763871291719408
309,0.0007109661843307238,0.01005404842310569,0.0006333455189747323,1.1225565872505812
310,0.0001414748650798278,0.00976620572136323,0.0006152131331291254,0.22996073630654115
311,0.000732851555144797,0.010990696734265254,0.0006923488165284669,1.0585004807539304
312,0.001503578374317066,0.009588343808779126,0.0006040088857860815,2.4893315474328634
313,-0.0002506242910413193,0.009995773253116735,0.0006296745283223326,-0.398021961772962
314,0.00045448259011288193,0.01027964193822128,0.0006475565746505594,0.7018422913212394
315,-0.0006192552458854925,0.009511654798898385,0.0005991779322518858,-1.0335080992688606
316,-0.000753510393369349,0.010182933532954326,0.0006414645177451783,-1.174671977209316
317,0.0002688589840237142,0.009146787930920098,0.0005761934800062291,0.46661233310173456
318,-8.917009335592442e-05,0.010235643722815503,0.0006447849476006943,-0.13829431609366
319,0.00048849381268492,0.010610176408214312,0.0006683782891109429,0.7308642734860524
320,-0.00040793045027212317,0.009962916954287932,0.0006276047760436889,-0.6499798373805338
321,-0.00042153016239283327,0.00986029454571725,0.000621140171947963,-0.6786393497475279
322,-0.0009256010082398519,0.010484312166025194,0.0006604495871159904,-1.4014710983191132
323,-0.000512779978033043,0.009938731478289642,0.0006260812342619937,-0.8190310617399245
324,-0.00021088854990756976,0.009154297823125048,0.0005766665587478291,-0.3657027561395135
325,-0.0006710830879656324,0.010108986739325629,0.0006368063075977463,-1.0538260691813655
326,-0.0006112937690888843,0.009608983613204275,0.0006053090712531756,-1.009887011644016
327,-0.0005289131210942345,0.010125364801710914,0.0006378380285508074,-0.8292279503872566
328,0.0005400809818452818,0.01056725102873826,0.0006656742443722117,0.8113292446136695
329,-6.308048266164401e-05,0.009635016222936587,0.0006069489715229303,-0.1039304548179152
330,-0.0003873589170370024,0.009234343901492156,0.000581708987718909,-0.6658981126559117
331,0.0002768095600189248,0.01048140958032212,0.0006602667414033859,0.4192389873077215
332,0.0002669045625428755,0.009905181859779861,0.0006239678069487087,0.42775373916817405
333,0.0003598499090724768,0.009200507169576445,0.0005795774739610962,0.6208831868724964
334,0.0013688266117214823,0.009839353344005592,0.0006198210002364418,2.2084224497061555
335,0.0004786235378888362,0.009857729830756374,0.0006209786100915286,0.7707568829436651
336,0.0005096281614002457,0.00956442895500525,0.0006025023916021255,0.8458525119627888
337,-0.00019737841218508747,0.009949443535422849,0.0006267560304335266,-0.31492064312258955
338,-0.0003586545463224897,0.010119637451683225,0.0006374772394116482,-0.5626154537744839
339,-0.0013244385175826031,0.010067734460159726,0.0006342076582718512,-2.088335737211938
340,0.001198982148403135,0.009904692567188997,0.0006239369844126665,1.9216398103596606
341,-0.0006567456238313174,0.010373590731342766,0.0006534747923308954,-1.0050052910055722
342,-4.9067386430205634e-05,0.010224942182598203,0.0006441108139325912,-0.07617848570283549
343,-0.0004536150924742339,0.009385001559833479,0.0005911995281255393,-0.7672791856117823
344,-0.000727705075579139,0.01025645244229363,0.0006460957737159522,-1.126311462144102
345,0.0006311578283437093,0.010244291998808247,0.000645329737780367,0.9780392741772563
346,-0.0005558863347366116,0.01036773169185566,0.000653105707535548,-0.8511429747478592
347,-0.0005014450539135434,0.010403315007502835,0.0006553472457266323,-0.7651593215403751
348,0.0004823739369798395,0.010554172347870622,0.0006648503649185797,0.7255375982818525
349,0.000529097634787866,0.01049931298018776,0.0006613945495859342,0.799972777397557
350,-0.0005526485104935197,0.010410044138408547,0.0006557711411293969,-0.8427460066963682
351,0.000930999082543175,0.00958344995993377,0.0006037006022861112,1.5421536420829138
352,-0.00024379108028870227,0.010095206434608714,0.0006359382299960404,-0.38335654123234614
353,-0.00041550163200054834,0.0097596036595021,0.0006147972423237727,-0.6758352240326597
354,-0.0004715296889556375,0.009683520310369995,0.0006100044418305239,-0.7729938613900151
355,0.0004659449296241242,0.009462728393450219,0.0005960958584099772,0.7816610752287109
356,2.4847197136318437e-05,0.00995034637877953,0.0006268129042191129,0.039640532237084705
357,-0.00010346544300438551,0.010506842808244066,0.0006618688841681262,-0.15632317137015234
358,0.0008096519104299012,0.008657366366503735,0.0005453628193938987,1.4846114946554776
359,-0.0010729516253778658,0.010661541793572133,0.0006716140042455571,-1.5975718472147444
360,-0.00016869870194625148,0.010258052155781704,0.0006461965461935331,-0.26106407244047225
361,-0.000710427048866536,0.0099616831883201,0.0006275270560930474,-1.1321058462237783
362,-0.00026093603108092,0.009879491425464251,0.0006223494617041292,-0.41927573997801815
363,-0.0010181760661660648,0.010452956539342738,0.0006584743682968389,-1.5462652992850787
364,0.0003658523034363952,0.010382113598645784,0.0006540116825056809,0.559397199197917
365,0.000927559530965418,0.0107137155522727,0.0006749006421142522,1.374364570256838
366,-0.0006182380402508897,0.010241599457330445,0.0006451601236102482,-0.958270695329548
367,-0.0004170205069191972,0.009601677080685,0.0006048488029676469,-0.6894623993188319
368,-0.0009484481879012002,0.009736906002708899,0.000613367424342375,-1.546296966973888
369,0.0014562977506654246,0.010216122628686004,0.0006435552342581578,2.2628947340380745
370,-0.00012905995920140523,0.009937304321040221,0.000625991331805714,-0.20616892382379023
371,0.00039384630075919576,0.01016077463018159,0.0006400686380770183,0.6153188538379925
372,3.4362246716684735e-05,0.010117705338507003,0.0006373555277219073,0.05391378158985351
373,-9.037843299741721e-05,0.010537019620399744,0.000663769844652046,-0.13615929335384974
374,-0.0002403505060063791,0.009820522610201818,0.0006186347755066884,-0.3885176125275559
375,-0.0004627254352387447,0.010497065853764824,0.000661252993926896,-0.6997706467698819
376,-0.00037689769896934026,0.010524483585033814,0.000662980148651928,-0.5684901723463455
377,0.00047424567654818654,0.009752731731824017,0.000614364351569872,0.7719290276793513
378,0.0001398289368877032,0.00960083391774186,0.000604795688694736,0.23120028714073776
379,2.5474857950706908e-05,0.010569695173148283,0.0006658282109978605,0.03826040640802582
380,0.00019792445078793732,0.010859580213305702,0.0006840892520705868,0.2893254793710964
381,-0.00039312704941505045,0.009771366505424435,0.0006155382319671268,-0.6386720255518518
382,5.2183230741482756e-05,0.010206281196940751,0.0006429352823309493,0.08116404897285069
383,-8.350480302556693e-05,0.009773462663533076,0.0006156702775162729,-0.13563234425160275
384,-0.0001879838623546527,0.009020015407137951,0.0005682075616490009,-0.3308366080329921
385,-0.00047193207362496414,0.00999358824126155,0.000629536885513272,-0.7496495987525655
386,-0.001021636410221433,0.010478857537024974,0.0006601059777867355,-1.5476854393091095
387,-0.0013759414024394675,0.00929105795671238,0.000585281637384497,-2.350904785921981
388,-0.00013209167664738784,0.009989497393429407,0.0006292791863224325,-0.20990949568719122
389,-2.99953637419218e-05,0.010306029428273654,0.0006492188302791731,-0.04620223928043395
390,0.000745687102372686,0.010763827600072313,0.0006780574044039178,1.0997403723188035
391,-0.0010276139685250095,0.010445823953265812,0.0006580250576072125,-1.5616638859646763
392,0.0008370018508607299,0.010307426751158161,0.0006493068533471176,1.2890697927275243
393,-0.0007042673301550757,0.010413470377732216,0.0006559869739194592,-1.0735995654717745
394,-0.00014195505801473002,0.01066140136505026,0.0006716051580801795,-0.21136683705723225
395,6.452357010148065e-05,0.009912842380453457,0.0006244503743919374,0.10332857941563556
396,0.0005046341814854762,0.009678217571920264,0.0006096704007065809,0.8277163872489588
397,0.0002620389624309593,0.010152366653194482,0.0006395389853118507,0.40973102257899785
398,-0.001275663380901374,0.009859074693255013,0.0006210633284657899,-2.053998879715922
399,0.0005543633488107757,0.010522309108897435,0.0006628431695307683,0.8363416480601492
400,4.5544446300407116e-05,0.01045707111320065,0.0006587335620868161,0.06913940464203143
401,0.0009106200874238273,0.009880427288903506,0.0006224084155594002,1.4630587644053494
402,-0.0008120069997380696,0.009104094344800674,0.0005735040368764787,-1.4158697193494378
403,0.0011032233753505895,0.010325148989821306,0.000650423249446594,1.696162270166781
404,-0.001581546260591036,0.010440910602777353,0.0006577155456191992,-2.4046052600172407
405,-0.0009877075817291826,0.009775675764453075,0.0006158096897700968,-1.6039169213104265
406,7.964409694327257e-05,0.009113202651430482,0.000574077806262369,0.1387339766046853
407,-6.825565985527856e-05,0.009362838035145565,0.0005898033573040904,-0.11572612975155949
408,-0.000330315473449501,0.010673250151909477,0.0006723515614936866,-0.4912838645242034
409,0.0011668473830477961,0.009699765349294238,0.0006110277830931933,1.909647016606821
410,-6.790410420782242e-05,0.009659048377035842,0.0006084628549328305,-0.11159942411820437
411,-0.001220142707092035,0.009431348270617002,0.0005941190964783736,-2.05370053634768
412,0.0003857939027883276,0.010342724079273296,0.0006515303760170626,0.5921349441092278
413,8.66511676080895e-05,0.010232704565809903,0.0006445997981125755,0.13442630274134276
414,-0.0008144350658533872,0.010249245701844482,0.0006456417917399561,-1.2614348641505158
415,-0.00032461151201373066,0.009286585147313415,0.0005849998768766053,-0.5548915903143026
416,-0.0005505869672501612,0.009586942622616688,0.0006039206193545026,-0.9116876450395969
417,1.3463351738882749e-05,0.009808231719596815,0.000617860522174966,0.02179027669786967
418,0.00015002219968556868,0.010288423402091391,0.0006481097548778789,0.23147653396119128
419,-8.166324209829125e-05,0.010090490297374615,0.0006356411412753195,-0.12847381454014462
420,0.0004582685585834257,0.01020443293592794,0.0006428188528310009,0.7129046644559225
421,0.00018029145289357305,0.009803778387182499,0.0006175799886017808,0.291932148419767
422,6.867278984293456e-05,0.010110168625457836,0.0006368807594259323,0.1078267616450439
423,-0.0008992190841596231,0.010344657541126076,0.0006516521726654409,-1.3799065235700263
424,-0.00037266584260011587,0.010013931264227486,0.0006308183755057276,-0.590765673719237
425,-0.00010979326074224686,0.010077466988204333,0.0006348207499107558,-0.17295159422196232
426,-0.0007310215506633711,0.009479828376163438,0.0005971730560690887,-1.2241368615579284
427,0.0003949208694759801,0.0102064140434576,0.0006429436508749046,0.6142386956284268
428,-0.0004055012803308533,0.009524708949683623,0.0006000002664555735,-0.6758351670846773
429,0.0003287839910295276,0.009286504725589556,0.0005849948107841924,0.5620289017415193
430,0.0007662319212910232,0.009944637918554024,0.0006264533050256416,1.223126951592442
431,0.0005249629905404474,0.010127382664328936,0.0006379651419476449,0.8228709627265636
432,9.316293653619815e-05,0.00962627490905467,0.0006063983205071325,0.15363323641511034
433,-0.0001950748870083345,0.010055826249107537,0.0006334575114860473,-0.30795259898442495
434,-0.00012097612377967865,0.010447571985024034,0.0006581351732575958,-0.1838165299400102
435,-6.285146640205002e-05,0.010782797024539315,0.0006792523658242443,-0.0925303606793955
436,0.0015342010750315936,0.01059914125482478,0.0006676831397883679,2.2977981374786274
437,0.0017658190153369117,0.00982342555476962,0.0006188176438256458,2.8535369554434324
438,-8.052185515880462e-05,0.009629388328476353,0.000606594447495628,-0.1327441348849224
439,0.0005627202939969704,0.010099039019587298,0.0006361796601563226,0.8845304703056653
440,-0.0006933768218970517,0.010107296956490873,0.0006366998612846398,-1.0890167629345127
441,-0.0019567678372803465,0.009609708135621035,0.0006053547118754146,-3.232431826983219
442,-0.00039660320856828063,0.010049838664356643,0.000633080329100219,-0.6264658532858898
443,-0.0008935519068282815,0.010531668059064575,0.0006634327279754088,-1.3468613608423046
444,-1.7394523915538302e-06,0.00960542806313216,0.0006050850926516315,-0.0028747235928935594
445,-0.0004041608763059896,0.009183281122696558,0.0005784923350059314,-0.6986451709889046
446,-0.0004558160971065626,0.010846132371851192,0.0006832421176858425,-0.667137000643963
447,-9.117381192144483e-05,0.009919604329878052,0.0006248763371670677,-0.14590696830478392
448,-0.0007153339205310832,0.009613007433724962,0.0006055625481202732,-1.181271732790529
449,-0.0009506704845616666,0.010404329668164469,0.0006554111633403419,-1.4504948004188976
450,0.00029010280325763877,0.010280465871556716,0.0006476084775720467,0.4479601693067162
451,-0.00044400080714410183,0.009295359914317465,0.000585552635241016,-0.7582594295068781
452,0.000645161900095616,0.00986546062148673,0.0006214656041322524,1.0381296982581207
453,0.000495940852235917,0.009463856588596794,0.0005961669280239817,0.8318825297467138
454,0.0005124244557326764,0.010013170453820296,0.0006307704489549587,0.8123786657755536
455,-0.000526925049594416,0.009431009385123715,0.0005940977486988935,-0.8869332542471514
456,-0.00016744140399576232,0.009309819110771979,0.0005864634790023605,-0.28551036848978
457,0.00019843509360766912,0.010089375338193828,0.0006355709054487874,0.3122155087756114
458,0.0007689162161897186,0.009997300579366087,0.0006297707408324908,1.220946236996168
459,0.00011315704423193166,0.01040502721562354,0.0006554551046999697,0.1726388938319865
460,-0.00018251977242380788,0.0097879297005248,0.0006165816151850365,-0.2960188366450621
461,-0.0001420606210584239,0.009288858596297413,0.0005851430907011303,-0.24277928478691252
462,0.0002653289529190258,0.0100041288642333,0.000630200882347723,0.4210228204228798
463,0.00014434391089096862,0.01021693019466175,0.0006436061061328982,0.22427368155075125
464,-0.00030206290364465045,0.010093480199317901,0.0006358294873940433,-0.4750690391580607
465,4.216040298840411e-05,0.009379188258368002,0.0005908333245547323,0.07135752374864318
466,0.0007802758369200372,0.009888466406106258,0.0006229148323422331,1.2526204168009742
467,0.001671632933721599,0.009228454589467819,0.0005813379959329647,2.8754923046770173
468,0.00067363990405566,0.010606374930674598,0.0006681388185351172,1.0082334469543377
469,-5.701978906697604e-05,0.010320536181831732,0.0006501326698564487,-0.08770485119532016
470,0.0005787845140165712,0.009016372792339326,0.0005679780984852113,1.0190261130846074
471,0.001010562493469261,0.009808184304757918,0.0006178575353208667,1.6355914360491761
472,-0.0003710533780322856,0.010270282512253169,0.0006469669862332752,-0.573527530659031
473,-0.00016676993623904854,0.009852161983635378,0.000620627868691048,-0.26871164614437826
474,0.0006615612875294415,0.011050301391378312,0.0006961035569975723,0.9503776857323957
475,-5.267653590025076e-05,0.010220807488861474,0.0006438503527093816,-0.08181487464996026
476,-0.0003165238782626211,0.009356059662015947,0.000589376359932791,-0.5370488193634295
477,0.00016129884782715957,0.009313997640380208,0.0005867267016259152,0.27491308539422904
478,-0.0008044739058029147,0.010113473900200315,0.0006370889721636309,-1.26273399941428
479,-0.0002955030977969072,0.009998534258788834,0.0006298484553313043,-0.4691653925569615
480,8.751414694420827e-05,0.010556236865245327,0.0006649804172888377,0.131604096404836
481,-0.0003197029407701434,0.010100405716276397,0.0006362657539552991,-0.5024676226603958
482,-6.503061940189191e-05,0.010567275916909539,0.0006656758121796353,-0.09769112563811036
483,-0.0001601619404277043,0.00998320875018738,0.0006288830390342798,-0.25467683255323736
484,1.4016738030039058e-05,0.011113670114930632,0.0007000954113646923,0.02002118254527094
485,-0.00026358366295773175,0.011069033535487686,0.0006972835711603444,-0.37801501979905267
486,-0.00026512163928780493,0.009502599430140889,0.0005986074976384973,-0.44289729135319567
487,0.0006968931264129734,0.009497213914144318,0.0005982682420192429,1.1648506095875273
488,0.0005644559877076691,0.010438273315961612,0.0006575494121656183,0.8584236823338509
489,7.660278478316517e-05,0.010085981486574623,0.0006353571128923333,0.12056650225327085
490,-0.00028489212783680166,0.009255760738219716,0.0005830581216201185,-0.48861703022879466
491,6.56937667035693e-05,0.010221344683622388,0.0006438841927985003,0.1020273015525445
492,0.0006587185171786117,0.0104297769406648,0.0006570141908303601,1.0025940480008468
493,0.0001794114394849569,0.010538134279853019,0.0006638400615975197,0.2702630495863813
494,-0.00018759904634161584,0.009996252922226426,0.0006297047446360431,-0.29791588508681854
495,-0.00014135997924408006,0.009527103394238293,0.000600151102284616,-0.23554064752353218
496,-0.0006343908799342126,0.009493079719056824,0.0005980078122079825,-1.0608404555651127
497,-0.0005324084615155908,0.010147027285816014,0.0006392026367822832,-0.8329259469199166
498,-0.0005035803162390676,0.00928810669436456,0.000585095725331496,-0.8606802176750744
499,-0.0006623572046623201,0.009828062670075981,0.0006191097546328211,-1.0698542539604274
500,-0.0008147836578068375,0.01008629751514675,0.0006353770208211198,-1.2823624888949623
501,0.00046239061743519924,0.010316131896603745,0.0006498552259655857,0.7115286589380847
502,-0.00025218925510205053,0.010002708060728647,0.000630111380139742,-0.4002296467747046
503,0.0005001536304977892,0.009401136847324661,0.0005922159556977822,0.8445460236012723
504,0.0006637821935325024,0.010087431694042,0.0006354484673758601,1.044588550624174
505,-1.3037739516235269e-05,0.010092619661892557,0.0006357752786316309,-0.020506836227253425
506,0.0003377606050789818,0.009722743101325607,0.0006124752454161054,0.5514681737863756
507,0.0007600415343652018,0.010787765577036259,0.0006795653552119318,1.11842301632368
508,0.00045066103484718193,0.010192621549383175,0.0006420748054158507,0.7018824458550489
509,0.00026377659852278886,0.010082365357364752,0.0006351293181638095,0.4153116396600619
510,0.001223378931517938,0.010132669198767487,0.0006382981623148303,1.916626122001157
511,0.0007743990274412098,0.010264541186274796,0.0006466053166919769,1.197637890456923
512,0.0010129430840680092,0.009996851931952775,0.0006297424787019676,1.6085036635227452
513,-0.00016145233297031842,0.009884755912713851,0.0006226810932289555,-0.25928574791486964
514,0.0010638620201780364,0.009650760690071324,0.000607940779726829,1.749943507089737
515,0.0007123501587825464,0.009173182362871365,0.0005778561729333689,1.2327464724767865
516,-0.00013918323821161767,0.010642795881352739,0.000670433122773377,-0.20760197174605446
517,-0.0006577702530005824,0.009266248955567623,0.0005837188172105697,-1.1268614846851843
518,2.4175795321608228e-05,0.010164208517020839,0.00064028495261528,0.03775786893454364
519,0.0005012306993066088,0.010176703029383035,0.0006410720329120275,0.781863306420967
520,7.1852054252871365e-06,0.010254521700583396,0.0006459741484204479,0.011123054139018687
521,0.00031214149728684624,0.00947289267402968,0.0005967361479020995,0.5230812619349753
522,0.0003787232181187625,0.009003556574606216,0.0005671707526549669,0.6677410926884576
523,0.0006633757535508549,0.010148479853353865,0.0006392941399362756,1.0376690667256545
524,-0.0008618379970338963,0.011112752187694662,0.0007000375873840249,-1.2311310314843298
525,-0.0007932894947247136,0.01009864916188968,0.0006361551014297845,-1.2470064186261547
526,0.0007778667306715991,0.010159032187702836,0.0006399588745181465,1.2154948726311352
527,1.5299709857836663e-05,0.01002051395011983,0.0006312330457397752,0.024237815116136905
528,0.0004559520462280044,0.009892620062140318,0.0006231764880778956,0.7316579732241301
529,-0.00023894226062251152,0.010407667101873228,0.0006556214019024976,-0.36445158734773336
530,0.0007801722689082055,0.009704414716838085,0.0006113206657187827,1.2762079096261034
531,-0.0005200401743877944,0.010371721686097015,0.0006533570535473386,-0.7959509606030681
532,0.0003606339295550993,0.009506919741767119,0.0005988796516896713,0.6021809699788787
533,-0.0004827473946285607,0.00934047325317394,0.0005883945084654451,-0.8204485046734783
534,-0.0009585902201452701,0.010034278814361895,0.0006321001506829911,-1.5165163607531227
535,0.00018086585155737146,0.009435113715969308,0.0005943562972397452,0.30430543496776596
536,0.0008953129000964552,0.00972679008131357,0.0006127301811925102,1.4611862245041944
537,0.00023440072623424796,0.010336178100842242,0.0006511180181357255,0.35999729650452883
538,0.0001630601021394895,0.01046010613157163,0.000658924750273343,0.24746392068570347
539,-0.0009248703572449416,0.009874463706035893,0.0006220327451500995,-1.4868515595939664
540,3.916563061358605e-05,0.010891356509421949,0.0006860909705732139,0.057085185920555157
541,-0.0006313694530333322,0.009333067071170502,0.0005879279628524551,-1.0738891376591644
542,-0.0012384165676359246,0.010181599866257603,0.0006413805046401455,-1.930860945533032
543,-0.0005212068128947512,0.009933793929057775,0.0006257701978964305,-0.8329044985632486
544,-0.0004180722411124363,0.009768967922293483,0.0006153871354322836,-0.6793646097570079
545,0.0003357541790789231,0.009675429299796878,0.0006094947560726272,0.5508729578616993
546,0.0003586920575275048,0.00958473207156493,0.0006037813677272796,0.5940760624622679
547,-7.457126277985028e-05,0.010097736573918414,0.0006360976137911788,-0.11723242024978085
548,-0.000568659837785954,0.010457398910900572,0.0006587542114009668,-0.8632352217932543
549,-0.00033840837412863655,0.00942882186588718,0.0005939599479396544,-0.5697494844602189
550,0.0005922958956716528,0.009674040801787813,0.0006094072889195821,0.9719212527335107
551,-0.0002542443668548477,0.010193115711308312,0.00064210593469112,-0.39595392772245586
552,0.00011642225705577084,0.00953878946772803,0.0006008872557192986,0.19375058456915734
553,8.566152097193561e-05,0.009899211049143906,0.0006235916812327993,0.13736796617072966
554,-0.0006013699449260627,0.01039024622961054,0.0006545239901018096,-0.9187897678624752
555,0.000901206288397331,0.010054575922296994,0.0006333787483003747,1.4228552675877615
556,0.0003382099324485348,0.009744781821249255,0.0006138635542763954,0.5509529440092056
557,-0.0006989237727846586,0.010076833005111793,0.0006347808127298444,-1.1010474147430047
558,6.301667170649687e-05,0.01057978076103682,0.0006664635433164071,0.09455381669178468
559,0.0002294745084358041,0.009375993514616501,0.000590632074614993,0.38852361444371003
560,-0.00016962313972176366,0.010733596024447283,0.0006761529941456923,-0.2508650278715095
561,-0.00017642879612610665,0.009606454580842801,0.000605149757189221,-0.2915456777931749
562,-0.0005821279865691624,0.009521811741853214,0.0005998177595171036,-0.9705080873861041
563,-0.0004991396886033083,0.010397305468847347,0.0006549686803748073,-0.7620817659825726
564,-0.000664461657772265,0.00934050780975858,0.000588396685325662,-1.129274984621137
565,-0.00036363361551767267,0.010025299080351494,0.0006315344806108238,-0.5757937637323685
566,-0.0006772053135396033,0.010035440793351095,0.0006321733484790413,-1.0712335709325698
567,0.0004255043903554678,0.009647422565902005,0.0006077304976697464,0.7001530974453349
568,-0.0004246728277448803,0.009556671007389978,0.0006020136868384523,-0.7054205527703216
569,9.940595534283151e-05,0.010338961275635923,0.0006512933416680898,0.152628545362115
570,-2.711569904906745e-05,0.010127592859807681,0.0006379783830182037,-0.042502535776817604
571,-0.00034131576803086495,0.010441258587603197,0.0006577374666027517,-0.5189240165894436
572,0.0009029943326138631,0.010563043475516927,0.0006654091934328852,1.3570511822285805
573,-0.0008992470686818052,0.009942777929565294,0.0006263361367326536,-1.4357259879221074
574,0.00031160784162167387,0.009925481354963251,0.0006252465549485993,0.49837594330654206
575,0.0007167399472752216,0.010287896888356655,0.0006480765876301653,1.105949452511684
576,-0.0010232337380874205,0.009788355867667969,0.0006166084611916501,-1.6594545850213134
577,-0.00044562742748281264,0.010396465345224124,0.000654915757561055,-0.6804347312429244
578,0.0007592338145494446,0.009785936419126413,0.0006164560502594864,1.2316106139762248
579,-0.00021071521385807027,0.010149931784350568,0.0006393856029919446,-0.32955889665336274
580,-0.00020021155087700297,0.00956754318870545,0.0006026985698853461,-0.3321918466059909
581,0.0008616164560213322,0.010453526489534293,0.0006585102717841377,1.3084328262441645
582,-0.0008239183083555522,0.010104287189965798,0.0006365102638148847,-1.2944305146274455
583,0.0005460057852726546,0.010355242324902968,0.0006523189513691325,0.8370227235107299
584,-0.000404989629850624,0.010050972398521126,0.0006331517476395543,-0.6396407043974232
585,-0.0007785691836421243,0.009896712974537293,0.0006234343173240949,-1.2488391511457042
586,-0.000652871879686877,0.00966061441839531,0.0006085615062656876,-1.0728116598979305
587,0.000507840944255026,0.010222290311307303,0.0006439437617434323,0.7886417641194046
588,0.0005399031242448785,0.009241458131347325,0.0005821571420752549,0.927418192140097
589,0.00041867751866522845,0.009657046070558891,0.00060833672148077,0.6882331838296946
590,-0.0006214531573393136,0.010425854744207095,0.0006567671156774977,-0.9462306234657386
591,-0.0001360021185358895,0.009137183117677916,0.0005755884336436568,-0.2362836196602372
592,0.0011673903949785459,0.010278438831777058,0.0006474807860683654,1.8029730303924183
593,0.0007809670000776627,0.010189569098336853,0.0006418825190739993,1.2166821448951615
594,-0.00025961722366839356,0.010055349613527732,0.0006334274862667576,-0.4098610011360638
595,0.0008988866530004764,0.010015082887676616,0.0006308909209640702,1.4247893306609634
596,0.00017907891318523595,0.010298819055043656,0.0006487646194594938,0.2760306401024646
597,-0.0006798305458131728,0.009499851029867284,0.0005984343646949921,-1.136015218911545
598,0.00048827856733729496,0.00976456699807178,0.0006151099032649153,0.793807033093732
599,-5.697151860420636e-05,0.009685805446931043,0.000610148391903199,-0.09337321766349092
600,0.0005178472005583454,0.009816202118016914,0.0006183626100813871,0.8374490826510158
601,0.0005275465197927276,0.009955891794044946,0.0006271622325455146,0.8411643629297182
602,0.00011677812421430364,0.010214746525657055,0.0006434685479154672,0.1814822567359498
603,-0.0013532535293221827,0.010716881468031524,0.000675100076061148,-2.0045228512159285
604,1.191437625524675e-05,0.009863921647607658,0.0006213686578903895,0.01917440814555611
605,0.00034436849294116944,0.010112479192328222,0.0006370263114575187,0.540587549913367
606,-0.0006391013309308679,0.009016288670319205,0.0005679727992960441,-1.1252322852837
607,0.0011174747748135597,0.009929320209995741,0.0006254883800851516,1.7865636043653297
608,0.00014526564105369827,0.009637721591953807,0.0006071193937520785,0.23927030259392196
609,-0.0011530224744711517,0.009984313540876017,0.0006289526343060159,-1.8332421419037264
610,-0.00013503731193168346,0.009810504384461792,0.0006180036866046357,-0.21850567376642982
611,-0.0008716430145017527,0.009801724115941754,0.0006174505816772931,-1.4116806111574962
612,0.00022207491065364174,0.009654864503993795,0.0006081992957045848,0.3651350999944403
613,0.0005592826528359319,0.009760806432657908,0.0006148730099107702,0.9095905070172043
614,0.0003753501865428201,0.010365322767630795,0.0006529539595730196,0.5748493918135813
615,7.363348542939383e-05,0.008950441944980412,0.000563824845489034,0.13059638293436282
616,0.0008406670367667053,0.01016075287932712,0.0006400672679019772,1.313404198159136
617,0.001563211192806277,0.009655339512939813,0.0006082292184555775,2.570102101927297
618,-0.0007818876390098786,0.008861460194000824,0.000558219522052961,-1.4006812877742696
619,0.0007739377652667674,0.00960189983108952,0.0006048628349241897,1.2795260686892238
620,0.0005408809331350797,0.009826008656019309,0.0006189803639094072,0.8738256731101118
621,0.0005417151130804342,0.010411768144237379,0.0006558797432884901,0.8259366425380814
622,-0.00017514263176713628,0.009249454612455944,0.0005826608730366128,-0.3005910296573678
623,0.00048524883421292804,0.009937552242321996,0.000626006949378483,0.7751492770083408
624,-0.0020147258676411575,0.010647072984197484,0.0006707025549271637,-3.00390367211282
625,-0.0015903902177281885,0.00978301739515867,0.0006162721690335416,-2.5806620802336266
626,0.0005300266511476572,0.009670529874808612,0.0006091861213086708,0.8700570032833955
627,-0.0005767311031602826,0.010153630328547334,0.0006396185893766499,-0.9016797084061374
628,3.5506370841849906e-05,0.010216232373076442,0.0006435621475049406,0.055171627137342354
629,0.00024140904322133988,0.01072409137622209,0.0006755542575860967,0.3573495992519494
630,0.0003756632686781748,0.010255507563299158,0.000646036251934085,0.5814894559763863
631,-0.00015939491179392062,0.010610802353726181,0.000668417719971864,-0.2384660176283629
632,-6.357085679651307e-05,0.010004611162987304,0.0006302312643134547,-0.10086909424552949
633,-0.0004740958202294329,0.010257599600441996,0.0006461680378867864,-0.7337036071606162
634,0.00041445517515932285,0.010411220633997135,0.0006558452533852533,0.6319404966644864
635,-0.0005430982875218493,0.009876145505096781,0.0006221386885327255,-0.8729537280549327
636,-0.0008756940926088712,0.009184297591861547,0.0005785563665446441,-1.5135847486025351
637,-0.0002702448786360817,0.01011849044905797,0.0006374049850378491,-0.42397672591160324
638,0.0007430856710900971,0.009648261122939011,0.000607783321797843,1.2226160943212876
639,-0.0003178722153497222,0.01077436657665787,0.0006787212975257872,-0.46833982742031904
640,-0.0009000510386489008,0.01041983076744919,0.0006563876408107108,-1.3712187474115738
641,-0.0010249240683835713,0.009860570618896442,0.0006211575629235772,-1.6500226827467137
642,-0.00042860551873646473,0.009714010818273508,0.0006119251632891131,-0.7004214640115457
643,-0.0002556109167175944,0.010784553569821423,0.0006793630177762223,-0.3762508556239823
644,5.8553806585756695e-05,0.010330717953403536,0.0006507740611775216,0.0899756306817276
645,0.0012255871796528874,0.010014939321717504,0.0006308818771587239,1.9426571344425245
646,-7.663210326256932e-05,0.010083187630333173,0.000635181116492006,-0.12064606656727296
647,-1.621716056390632e-05,0.010089235537638025,0.0006355620988415539,-0.025516248677297657
648,-0.000642832508494929,0.010033694944801615,0.0006320633703578816,-1.017038067133917
649,0.0004319748672655687,0.009530537414493877,0.0006003674252273169,0.719517497309269
650,3.16142798784189e-05,0.00957948785610478,0.0006034510132051558,0.05238914043826614
651,5.2075986258063654e-05,0.00952201647458045,0.0005998306564666632,0.08681781382235483
652,-2.8833586274201675e-05,0.009470464843803136,0.000596583208973411,-0.04833120651152412
653,0.0001495365412542204,0.010179999081962836,0.0006412796647080834,0.23318459867629027
654,0.0021537059973881227,0.009951787784778126,0.0006269037042622215,3.435465419561901
655,-0.00043078236573047937,0.009152377405917612,0.0005765455838348681,-0.747178328667699
656,-0.0012469323442167446,0.010316007856399217,0.000649847412167163,-1.9188078937767485
657,-1.245316314293692e-05,0.009920050652843543,0.0006249044528711416,-0.019928107546234468
658,-0.0002511437410380143,0.01007087320231892,0.0006344053804428698,-0.39587265300728425
659,-0.0005929858095685595,0.010739102293788112,0.0006764998565106344,-0.8765497935611726
660,0.0009613029314844569,0.009496492583270674,0.0005982228024453225,1.606931276365581
661,0.0006896226824996688,0.010866411709124255,0.0006845195958567409,1.0074549898553906
662,-0.00048600118568043735,0.010404595674006069,0.0006554279201332982,-0.7415021099217081
663,-0.0008650022263603173,0.01129905051586495,0.0007117732789555887,-1.2152777463486224
664,-0.0010912706721376605,0.00987409959210071,0.0006220098081281617,-1.7544267917923413
665,-9.627445994877637e-05,0.010502146968289803,0.0006615730740558514,-0.14552354641423734
666,0.00039956798114660497,0.010374582849031765,0.0006535372898708097,0.6113927810080906
667,-0.0005827894896904636,0.009536039039595587,0.0006007139950326938,-0.970161332197272
668,0.0001613004971861087,0.010147344522241152,0.0006392226207986575,0.2523385311123324
669,0.0009278787668980099,0.009727952793362395,0.0006128034251669763,1.5141540154498683
670,0.0007011931117665964,0.009296660351628223,0.0005856345550914897,1.1973219573033114
671,-0.000617243059571798,0.009966659354945935,0.0006278405251257707,-0.9831207685234242
672,0.0006614828021518197,0.010054975639340755,0.0006334039281073409,1.044330123004416
673,0.0001349522002488575,0.0105947801002014,0.0006674084128702116,0.202203325050236
674,0.0007262225217299387,0.010408143976508513,0.000655651442180867,1.1076350557764867
675,7.274256391583208e-05,0.009737552988079155,0.000613408180589794,0.11858753472425143
676,0.00047906004932667915,0.009954135995355128,0.0006270516276244301,0.7639882080229767
677,0.0002065594579239481,0.010083128609465735,0.0006351773985268297,0.32519963462651935
678,-0.0001335516672675348,0.009865476543988958,0.0006214666071556131,-0.21489757571816553
679,-0.0004806168299718133,0.009503822176012953,0.0005986845233883571,-0.8027881316384803
680,0.0006277465938054128,0.010502838184061222,0.000661616616556648,0.9488071763863638
681,-2.655787633192238e-06,0.009555744816054496,0.0006019553422684488,-0.004411934651470971
682,-0.0003990643028966845,0.009341486894850941,0.0005884583618891564,-0.6781521493135878
683,-0.00010706420512663638,0.01005819709766022,0.0006336068609066806,-0.16897576672927647
684,-0.0013266147982942025,0.010177081951582102,0.0006410959027669078,-2.0692922736967456
685,0.0005182502732570941,0.009548293897434007,0.0006014859785134774,0.8616165492966379
686,0.0006448017410307851,0.010846471543787156,0.0006832634835095152,0.9437087691542139
687,0.000537961527384397,0.010051667241426386,0.0006331955186283061,0.8495978122994066
688,-0.0002644204690262442,0.011360303171237852,0.0007156318335569946,-0.36949232360439027
689,0.001131990049002193,0.00957393335159842,0.0006031011123103935,1.8769490320880058
690,-0.0002611607378170117,0.010371789694838441,0.0006533613376953574,-0.39971868971956687
691,-0.00030416739647952216,0.009856405721768807,0.0006208951990655798,-0.4898852446230553
692,-0.0001232348088514131,0.009990181761923306,0.0006293222974852892,-0.19582145642041832
693,-0.0008285088224812349,0.010106447060726541,0.0006366463228838601,-1.3013643410807467
694,0.0003375971011220315,0.010681618688933513,0.0006728787297747113,0.501720571900175
695,0.0007921341011751435,0.009906877535213398,0.0006240746244606472,1.269293879493563
696,-0.0011588081278157021,0.010205798175375742,0.0006429048548324041,-1.8024566451870805
697,0.00023644325735090155,0.009496195040560861,0.0005982040590164038,0.3952551872343913
698,-0.0005432932537795509,0.01043538632748515,0.0006573675489859366,-0.8264680156750084
699,-0.0003699145383300819,0.010384966895647774,0.0006541914233219635,-0.565453054171312
700,0.0001380659591221353,0.010620178069720487,0.0006690083345643426,0.20637404945342525
701,-1.6482652305278724e-05,0.010193596305247382,0.0006421362092636054,-0.025668467324371638
702,0.00013200717339372414,0.00967384664250838,0.000609395058034627,0.21662002612798226
703,0.0008131537610922134,0.010076206434105181,0.0006347413424664583,1.281078931982728
704,0.0002146588832998245,0.010428669484528547,0.0006569444276512069,0.3267534882171097
705,0.00039777328152845184,0.009438551372195856,0.0005945728492270874,0.6690068038685849
706,-0.00012194696355424388,0.010844617671382936,0.000683146700525134,-0.17850772529605047
707,-0.0005593657679906746,0.009818749398690681,0.0006185230736809649,-0.9043571562525025
708,0.0008870741620168632,0.009983595768757307,0.0006289074189125844,1.4105003937633036
709,-0.00015477494469793112,0.009627079392912512,0.0006064489982266948,-0.2552151048983598
710,-4.8283576609716895e-05,0.010628589299970827,0.0006695381922658308,-0.07211474590615523
711,0.00025046685946610795,0.010256994027069692,0.0006461298903500312,0.3876416541114067
712,0.000711139282767712,0.009438354808229665,0.0005945604668611052,1.1960756262892276
713,-0.00028268336444929674,0.009422760270315291,0.0005935781033103338,-0.4762361732563854
714,0.000257048164648789,0.010040380605219315,0.0006324845273772974,0.40641020218262436
715,-0.00022366875517293894,0.010606905526190624,0.0006681722429108831,-0.3347471517202347
716,-0.0003699282940148096,0.009892934829848569,0.0006231963165797239,-0.5935983319751948
717,0.0005172903470280328,0.0094035267169339,0.0005923665033323517,0.873260631919633
718,0.000326029051930297,0.010339506066169513,0.0006513276602459113,0.5005607343732392
719,-0.0016263513516364422,0.01014139619304834,0.0006388479112805498,-2.5457567018986946
720,-0.00019524850155704047,0.010028020712564933,0.0006317059273250366,-0.3090813195054567
721,1.1825115938312173e-05,0.009109258998388351,0.0005738293794717357,0.02060737278596351
722,-0.000622573660046086,0.010573675213476899,0.0006660789299720874,-0.9346845126480363
723,-2.688099418667848e-05,0.010209542641665152,0.0006431407340370338,-0.041796441686945934
724,-0.00016224922756213528,0.00986779218676536,0.0006216124789392231,-0.26101346587991975
725,-8.969800842873844e-06,0.009958924162991815,0.0006273532538340101,-0.014297847007337182
726,-0.0001173679892914154,0.009951953850565807,0.0006269141654235424,-0.18721540485868865
727,0.0009492435809863938,0.010129426144241496,0.0006380938690823542,1.4876237290157721
728,-0.00037095617110545937,0.010632430117424816,0.0006697801410233177,-0.5538476708770392
729,0.0004351658501535983,0.010881131698844164,0.0006854468680496052,0.6348644518456035
730,-0.0008579824092332913,0.009545952266278019,0.0006013384696158349,-1.4267878284610886
731,-0.0005883633424499991,0.009852223388347268,0.0006206317368243096,-0.9480071796852935
732,-0.0007769749357008509,0.010020543243529398,0.0006312348910511268,-1.2308808443827288
733,-0.0002188060230962411,0.009800435408644713,0.0006173694007482282,-0.35441669579194646
734,-0.000548262143747282,0.010142301511029864,0.0006389049409528486,-0.858127881950038
735,-0.000341311512060469,0.00985649841720356,0.0006209010383291043,-0.549703561422552
736,-0.00099734063290153,0.009886214198833723,0.0006227729566197546,-1.601451415480256
737,-0.0008048574494247557,0.010411679878230481,0.0006558741830526931,-1.2271522042209935
738,1.107727449973062e-05,0.00958300945823777,0.0006036728532875465,0.018349797310587695
739,-0.000880340377639194,0.010160893196067429,0.000640076107025778,-1.375368285077605
740,-0.00028081538756677616,0.010841189618419218,0.0006829307534864875,-0.4111915975860829
741,0.0006320614284743457,0.009584309692834614,0.0006037547603682438,1.0468843808185246
742,0.0013785529776417346,0.009986760671649116,0.0006291067890548557,2.1912861244317776
743,-0.00012112108212915671,0.01026843489969815,0.0006468505975823279,-0.18724738383462808
744,0.001616762184596951,0.009898468680518096,0.0006235449164050604,2.592856010948035
745,0.0011618068795963736,0.009579425572474338,0.0006034470897052296,1.9252837563006397
746,0.0007451688469797973,0.010161651828500038,0.0006401238963770445,1.1641009673241123
747,-0.000515807723845347,0.00921713635659397,0.0005806250142790381,-0.8883663486076729
748,-0.0007685315811866323,0.010347161390789204,0.0006518099003685106,-1.1790731941201433
749,-0.0012701349506745298,0.009543722419771607,0.0006011980024892204,-2.1126732713941503
750,9.027481567933602e-05,0.010178084636465249,0.0006411590659774833,0.14079940605956642
751,0.0005909251927627637,0.009564721140120984,0.0006025207975343405,0.9807548472699553
752,-0.000598055880722641,0.009864998311279245,0.000621436481326596,-0.9623765238982367
753,-0.00020734824901572058,0.009529455526743023,0.0006002992727050491,-0.3454081296506901
754,0.00016240119010361393,0.008999199390147034,0.000566896275833647,0.2864742582138073
755,0.0005219344559638182,0.010362295692287509,0.0006527632717502056,0.7995769347812632
756,-0.0005614861517726291,0.010291696534019321,0.0006483159428085838,-0.8660687092472268
757,-0.0009829625803053524,0.009869365419181934,0.0006217115832660983,-1.5810588169219217
758,0.0009111948705145708,0.009688793552603282,0.000610336624867483,1.4929382137478815
759,-0.0005266373609901317,0.01019140700921203,0.0006419982965765616,-0.8203095924061031
760,-0.0013836555534969654,0.010003017100542784,0.0006301308478181568,-2.1958225950814914
761,0.00047880401378440563,0.010257639340614485,0.0006461705412823452,0.7409870664085126
762,0.0005235278134303304,0.010140680099796079,0.0006388028016457637,0.8195452682448364
763,-0.00010960849812940526,0.010199738734691974,0.0006425231459482756,-0.170590738747066
764,-0.0014947040660684807,0.009631464716221375,0.0006067252476289296,-2.4635600247554468
765,-0.0002941249139829589,0.01046991235858372,0.0006595424845108151,-0.4459529460048542
766,0.0001001576507152144,0.010591497031649357,0.0006672015989910239,0.15011602320299874
767,-0.0012149501325978225,0.010136527309222787,0.0006385412004290052,-1.9026965398341655
768,-0.0009071400085360889,0.010373167351620251,0.0006534481219152783,-1.3882356963200557
769,0.00038410867324375597,0.010461359975765827,0.0006590037350333589,0.58286266499584
770,0.0004575263649522683,0.010206062434393254,0.0006429215015857861,0.7116364343450408
771,-0.00046104461651781767,0.009069744783655817,0.0005713402179137764,-0.8069528488670057
772,0.0002112788953258996,0.009247750532033017,0.00058255352606011,0.3626772234215248
773,0.0005500877368462406,0.009419345014796559,0.0005933629624349455,0.9270678685249932
774,0.0009221068186036497,0.010459748007202585,0.0006589021905586066,1.3994593307117442
775,0.001308002652417812,0.00962421515489579,0.0006062685681912676,2.1574640696285594
776,0.00024150785164913591,0.009862793455209767,0.0006212975884495358,0.38871525680926106
777,9.096150601992617e-05,0.009624469674105515,0.0006062846013944299,0.15003103461760106
778,0.00019502321605969876,0.009118941259299128,0.000574439304578849,0.3395018664377089
779,0.0003911088607005978,0.010602702370632863,0.0006679074689983224,0.5855734197540171
780,0.0005327165474974644,0.010557814882593684,0.000665079823038083,0.8009813695204532
781,0.00020781136069884142,0.009571768515248753,0.000602964740438718,0.34464927509299725
782,0.0009051220674619479,0.01040118480810104,0.0006552130557775816,1.3814164102511417
783,0.00011900941457439532,0.01022564762313865,0.0006441552525096093,0.1847526882855309
784,0.00041069879891298837,0.010268906551530059,0.0006468803088550099,0.6348914834645883
785,-0.0010101322499109445,0.010338036803365746,0.0006512351053890216,-1.5511022694446612
786,0.0007334943693069616,0.010128187460158847,0.0006380158393196004,1.1496491530510944
787,-0.00011374609692977037,0.009609016149820907,0.0006053111208673687,-0.18791344320054804
788,-0.00022356507710459358,0.010140961664651005,0.0006388205385644321,-0.3499653871602072
789,-0.000742150226985489,0.010182572817899346,0.000641441794832568,-1.157003227672759
790,0.0003376227197714122,0.010009723224916538,0.0006305532939456336,0.5354388328681415
791,-0.0008990457746509513,0.010043006319306108,0.0006326499318174786,-1.4210793828241945
792,-0.0009178643906491857,0.009790557678022815,0.0006167471622067227,-1.4882344774235603
793,0.00041946124021425977,0.00965719587419168,0.0006083461582226235,0.6895107901063763
794,-0.0006375969167404543,0.01003981648990165,0.0006324489914525045,-1.0081396687440785
795,-0.0005033550863447983,0.009965048132249096,0.0006277390276361855,-0.8018540574739036
796,0.0006374567849814046,0.010083390450997022,0.0006351938929928939,1.0035625216386268
797,-4.001172172964572e-05,0.01020164024924335,0.0006426429301058307,-0.062261202691604456
798,-5.716495933001623e-06,0.011227393131030217,0.0007072592880062088,-0.008082602844448524
799,-0.0005036151848028703,0.010075864597256326,0.0006347198087690528,-0.7934448836244122
800,0.0001576962839395186,0.010455056963581505,0.0006586066825869225,0.23943924061035615
801,2.7262682806759644e-05,0.009921451167774629,0.0006249926770191199,0.043620803585712443
802,0.00039115598385330787,0.01018967606936577,0.0006418892576154278,0.6093823493890894
803,0.0010568292995875258,0.010420855286048384,0.0006564521794161162,1.6099105658046966
804,-0.0008316943542817359,0.009683169954476729,0.0006099823714837633,-1.3634727709567493
805,0.0002828189303334455,0.010649202991152818,0.0006708367327532268,0.42159130012560436
806,-0.0007811905446709451,0.009900994745083295,0.0006237040435154226,-1.2525019723583504
807,-3.128540110841879e-05,0.009872610728701712,0.0006219160185498309,-0.05030486460433894
808,0.0003107902850746794,0.009796514287178315,0.0006171223933134529,0.5036120685979074
809,0.00012672522059970222,0.01076124876885709,0.0006778949533070442,0.1869393185204959
810,-0.0005429424750811805,0.009817114090332443,0.0006184200589373268,-0.8779509448871297
811,0.0006018046307979316,0.010170035397225526,0.0006406520115662555,0.9393627428510677
812,0.0004095691679512932,0.009210754479377614,0.0005802229938025564,0.7058823457980107
813,0.00042870622963182137,0.010173839710362146,0.0006408916607678962,0.6689215289806689
814,0.001335426787217923,0.009488457278536724,0.0005977166258254498,2.234213889188194
815,-1.717221267482867e-05,0.010973573924818916,0.0006912701809203298,-0.02484153540655589
816,-0.00011814079119459471,0.010068607866967,0.0006342626777291236,-0.18626476906631018
817,-0.000684817162396705,0.01019983367488945,0.00064252912661856,-1.0658149709114266
818,-0.0002906153618060192,0.010163973792489438,0.0006402701663596446,-0.4538948979277888
819,-0.00018956508837908537,0.009715294577616254,0.0006120060325263551,-0.3097438232701114
820,-0.0009753847019975591,0.00937239596869824,0.000590405450523806,-1.6520591080793725
821,0.00014554796264687746,0.009572354806647783,0.0006030016733253287,0.24137240257433262
822,-0.0005335291515848107,0.009229534900380502,0.0005814060491237644,-0.9176532517831404
823,-8.72018770946249e-05,0.008949396737915422,0.0005637590036327833,-0.15467935151848278
824,-0.0009142281351682187,0.010496319809228395,0.0006612059975385537,-1.3826676384841954
825,-0.00041055398816533984,0.009394976150192677,0.0005918278682569722,-0.693705062207508
826,1.3557115982196069e-05,0.0100744258199432,0.0006346291743175639,0.021362264028870797
827,-6.398019122086255e-06,0.011134866467761283,0.0007014306560859181,-0.009121385081439275
828,-0.0008757171448434495,0.010161850700652892,0.0006401364241451194,-1.3680164287057095
829,-0.00042947536248092165,0.010326703667094995,0.0006505211849093356,-0.6602019618173979
830,-0.000715489981129106,0.010357974436190267,0.0006524910582029502,-1.0965513965810711
831,-0.0003831401591684794,0.009601724912029269,0.0006048518160591185,-0.6334446702413986
832,0.0004640818272380771,0.009546827127394552,0.0006013935806859794,0.7716773875582814
833,-0.00018278857367596727,0.010762191320921204,0.000677954328506077,-0.2696178282079201
834,0.0002566735943380827,0.010337545185366856,0.000651204136366043,0.39415227883903686
835,8.57624521010708e-05,0.009981378440805913,0.0006287677403808115,0.13639766577262535
836,0.0006034296979902242,0.009838035483972985,0.0006197379828576545,0.9736851938746248
837,-0.00045478157960679807,0.010084736506284274,0.0006352786865057752,-0.7158772823124828
838,0.0004291032404837439,0.010029977806680397,0.0006318292126660334,0.6791443508493732
839,0.0008632701682162032,0.010008018465206872,0.0006304459041780884,1.3693009384233332
840,0.00038171200036317665,0.010214328058604578,0.0006434421869689737,0.5932343388320332
841,-0.0004779413671667157,0.008897562909999757,0.0005604937793907507,-0.8527148466950545
842,-0.0001794219646798216,0.009774448276874906,0.0006157323653208288,-0.29139602656152946
843,-0.0007065419991068288,0.009070582567820045,0.0005713929933554644,-1.2365254865267277
844,0.0002848081069765279,0.010014525355587752,0.0006308557997437114,0.4514630872732449
845,-0.0007588251506102353,0.010210000366880335,0.0006431695680153238,-1.1798212918434539
846,-0.0007471506945386392,0.010029909976910344,0.0006318249397921514,-1.1825280192080199
847,-0.0009154942745188239,0.00974289640414276,0.0006137447841625522,-1.4916530423439858
848,-7.906840757244725e-05,0.01071469871354786,0.0006749625754531269,-0.11714487654277092
849,-0.0004521375780223984,0.009782092835019813,0.0006162139272192669,-0.7337347600414016
850,0.0007104123309164901,0.01000930334698661,0.0006305268441222147,1.1266964087873017
851,-0.0007722576982204276,0.009708163867666195,0.0006115568400216124,-1.2627733804647432
852,-0.00040286974768210035,0.01013682219200233,0.0006385597762980667,-0.630903734678786
853,-0.00031611431616709065,0.009462399692481813,0.0005960751521952604,-0.5303262768174222
854,0.0010202013622309196,0.009769231740302762,0.0006154037544047581,1.6577756552975484
855,-0.001079788770628062,0.009993547357683544,0.000629534310089936,-1.7152183023571854
856,-0.0007290061297532618,0.010322180993405533,0.0006502362832463973,-1.1211403431897013
857,0.0008517679921109708,0.010485477907517558,0.0006605230219274614,1.2895356616419524
858,0.0008414577725767208,0.009572926334138396,0.0006030376761731287,1.3953651750527492
859,-2.2652012598731682e-05,0.009641409450442541,0.0006073517070004496,-0.03729636771847405
860,0.00016373847521883607,0.008787127352735066,0.0005535369931902458,0.2958040333946761
861,0.0009854370066315803,0.009489232693965517,0.000597765472406101,1.6485345041175423
862,1.2338896689310005e-05,0.009890320493526816,0.0006230316288713705,0.01980460721017016
863,-0.0006620950746223054,0.010644736310890534,0.0006705553583446544,-0.9873831688658277
864,-0.0002787501686009005,0.009654964745586046,0.0006082056103313496,-0.4583156811872186
865,0.0006821100212726956,0.010084254524524716,0.0006352483245088166,1.0737690993519946
866,0.00011566710623135786,0.010185369947315887,0.0006416179974235449,0.1802740987563098
867,-0.0008367066771288187,0.009555550725745156,0.0006019431157282011,-1.3900095461954278
868,-2.0550162737937558e-05,0.01013311286328744,0.0006383261105525764,-0.0321938307053553
869,-0.0011166210461985473,0.010042200747381219,0.000632599185556135,-1.7651319693320435
870,-0.0005818716510410016,0.010927244069315984,0.00068835167435037,-0.8453115939467155
871,-0.0003249261650034115,0.010064316573577222,0.0006339923516550243,-0.5125080202548158
872,7.762647285754228e-05,0.010284999761427391,0.0006478940857879886,0.11981352285864842
873,-0.0009229937934580811,0.010399768253359053,0.0006551238212164909,-1.4088844941467489
874,-0.00076936118152507,0.010248397646713744,0.0006455883692881941,-1.1917209449937023
875,-0.0006942347406759452,0.009150567721785921,0.0005764315844500101,-1.2043662412050764
876,0.0005248480509022346,0.008836975666493817,0.00055667714179695,0.9428230683372928
877,0.00011147016615257057,0.009987553875083417,0.0006291567561745281,0.1771739158144695
878,0.0005224027417774944,0.010361828322559566,0.0006527338302247185,0.8003304219694655
879,-0.000517328817905661,0.01011249727647114,0.0006370274506514432,-0.8120981558591002
880,2.8690305748429878e-05,0.010174460524121385,0.0006409307683587875,0.04476350202674198
881,-0.00021737323602606263,0.01051468864552728,0.0006623631254604706,-0.32817834760192327
882,0.00021635108594789948,0.011105072721410886,0.0006995538264795351,0.30927010582827347
883,2.401503143097086e-05,0.010293815997226664,0.0006484494564409547,0.03703454632035392
884,-0.0009811707657001337,0.010146024481752147,0.0006391394660640279,-1.5351434511506783
885,0.0006812097537254566,0.01027226490817191,0.0006470918654380623,1.052724953147568
886,0.0002895392415006389,0.00997946590739116,0.0006286472621001082,0.4605750457472469
887,-0.00033363690004442707,0.009618958470889201,0.0006059374282245465,-0.5506127935057824
888,0.000851793182347327,0.009866673294335517,0.0006215419953412899,1.3704515362306384
889,-0.0007777871335259888,0.00976784717094125,0.0006153165347332468,-1.2640439344981629
890,0.00020277275553482678,0.010458683925377908,0.0006588351597042561,0.30777464218189154
891,-0.00040636967237862425,0.01007555310037,0.0006347001863096387,-0.6402545345722912
892,-0.0008874962396802306,0.009878007214092323,0.0006222559651759583,-1.4262558968466765
893,-0.0010628099250281238,0.010074483100733167,0.0006346327826681628,-1.6746848792774176
894,0.00022794381128552493,0.009862816059918286,0.0006212990124123262,0.3668826229104797
895,4.4555808837804245e-05,0.010316648253628779,0.0006498877534007276,0.06855923750625081
896,-0.0010101388642001405,0.010277805665172843,0.000647440900321384,-1.5602024272774806
897,8.787584212148277e-05,0.010009990248583739,0.000630570114855576,0.13935935124614904
898,8.56571147682456e-05,0.010444272448919954,0.0006579273220201369,0.13019236608876372
899,-4.766372328116492e-05,0.009444626374836075,0.0005949555384223275,-0.08011308442906025
900,0.00040851117865644827,0.009701458313384342,0.0006111344298065499,0.6684473312782582
901,-0.000570507646467176,0.010419370394056441,0.0006563586400129144,-0.8692010917323351
902,0.0007091110617930293,0.009980999000711836,0.0006287438379016121,1.1278218871450687
903,-0.00014335990775203914,0.010224011131377714,0.0006440521632186084,-0.22259052284772618
904,0.0005207560522536637,0.009323754495324103,0.0005873413257154313,0.8866327456514981
905,9.462651852682796e-05,0.010405823659958997,0.000655505275977225,0.1443566085501891
906,-0.00032120717318006865,0.009629800836944445,0.0006066204330865871,-0.5295027263518184
907,0.001342910227307358,0.010435439159997747,0.0006573708771214001,2.042850199248111
908,0.0005860515353386516,0.010101280847173244,0.0006363208820200059,0.921000004711815
909,-0.0006450725229511904,0.00975870371508021,0.0006147405511539133,-1.0493410947762298
910,0.00103289072381698,0.010659036316508814,0.0006714561740259114,1.5382846472674192
911,0.00031069666697316155,0.010273181985866327,0.0006471496359026421,0.4801001958995201
912,0.0005218885458862796,0.010146194445265887,0.0006391501727590116,0.8165350932057952
913,0.0007045317594634075,0.010197584967567437,0.0006423874713722406,1.096739570524962
914,-4.9686497100924936e-05,0.009672264443906465,0.0006092953888911655,-0.08154746943243339
915,0.0005417688221335876,0.010420451331492286,0.0006564267326709636,0.8253302237237667
916,-0.0010445473852427843,0.00997803490025729,0.000628557117123904,-1.6618177676872576
917,-0.0007301959248896265,0.009259786716745641,0.0005833117344287681,-1.251810793082537
918,0.00025366560427030673,0.010883794071448454,0.0006856145817593276,0.3699828023193231
919,-0.0002033521905331296,0.009117411276569194,0.0005743429247261435,-0.3540605825867732
920,-0.0003367267411847218,0.0107100112455223,0.0006746672927227889,-0.49910043782584546
921,0.0003574139947166911,0.009497379736580165,0.0005982786878508392,0.5974038553848676
922,-0.0004417859762437374,0.010591043018104871,0.0006671729988260105,-0.6621760428271605
923,-0.0005408732243242187,0.010007154635570401,0.0006303914880258686,-0.8579957607264258
924,-0.00020577989915044148,0.010747114831818207,0.0006770045989629696,-0.3039564272763487
925,-6.0342158664284286e-05,0.009985026732667227,0.0006289975611659357,-0.09593385155966516
926,-0.0002493987546326483,0.009592789139705061,0.000604288915312877,-0.4127144289971288
927,-0.0005952532496185734,0.009478277338555257,0.0005970753498837231,-0.9969482909225704
928,1.69673046855749e-05,0.009974755414894558,0.0006283505289644261,0.027002928944037694
929,-0.0003377110054319338,0.010805366485758826,0.0006806741082435667,-0.4961419882759667
930,-0.00105608829775886,0.009610233149341047,0.0006053877846310825,-1.7444823377175178
931,-0.0004928968297311219,0.009706142955921841,0.0006114295345478702,-0.8061384049686134
932,0.0004943770156531223,0.01005463601047878,0.0006333825335000351,0.7805346524496398
933,-0.0011877381346639265,0.009597076610225434,0.0006045590005688394,-1.9646355997452096
934,-0.00016349765765202558,0.009158575492047757,0.0005769360265611757,-0.28338957895653105
935,0.0001028280640187797,0.010181630045008203,0.0006413824057227399,0.16032255188370528
936,-0.0005045409544931246,0.009388065324162012,0.0005913925271371825,-0.8531405645849303
937,0.000296046981919239,0.010036594030241978,0.0006322459955746608,0.46824651162899983
938,0.0003535449016156825,0.009742974487325962,0.0006137497029407506,0.5760408517050031
939,-0.0007266334537867542,0.010458403873924488,0.0006588175181209216,-1.1029358415654418
940,3.600680351174018e-05,0.010133297850044022,0.0006383377636229041,0.05640713359551618
941,7.365222253126583e-05,0.009649729895867402,0.0006078758457954846,0.12116326555940435
942,-0.0006882993878508899,0.010635530063699753,0.000669975419283345,-1.0273502102318106
943,-0.00014831630580123298,0.01029516525615004,0.0006485344517639426,-0.22869456726289386
944,0.00020697941186787212,0.010261829937944217,0.0006464345241008995,0.32018619697911666
945,-0.00035942131170229317,0.009653021525467062,0.0006080831989699807,-0.5910725905782453
946,0.0010523193759544279,0.009735874352589272,0.0006133024364934093,1.7158245481154817
947,-7.648806972202082e-05,0.010877015082452307,0.0006851875455920837,-0.11163085233244571
948,-7.327227433151611e-05,0.009957684091120873,0.000627275136648811,-0.11681042344985951
949,0.0002845994442024646,0.008774969092537343,0.0005527710947888556,0.5148594904572105
950,-4.1226908519046054e-05,0.010516991804746032,0.0006625082108538659,-0.06222852463354566
951,-0.0006292318382016927,0.010315056483376207,0.0006497874812999501,-0.9683655907664853
952,-0.0005321183561259865,0.009762547396537978,0.00061498268032668,-0.8652574668335768
953,0.00012969253792228486,0.009710754864775498,0.0006117200574977768,0.21201289108091115
954,-0.0007956262957120668,0.010217413029015722,0.0006436365218382566,-1.2361422459989067
955,-0.0001695083644978616,0.009860357749100187,0.0006211441533868503,-0.2728969814391722
956,-0.0001537764991622893,0.01017481943304648,0.0006409533774959095,-0.23991838495814882
957,-0.0006474518193368074,0.009747870952148008,0.0006140581512317627,-1.0543819311543363
958,0.0003933179514694805,0.00931518168400012,0.0005868012893630518,0.670274518136132
959,0.0002962654279649738,0.009238173569383057,0.0005819502341199397,0.5090906586076115
960,0.0019326394958236735,0.01007133470820299,0.0006344344525809137,3.0462398250309253
961,-0.0005826903671622992,0.010022125409882905,0.0006313345581631295,-0.9229502165343826
962,-0.0016313444615270855,0.009119695206983464,0.0005744867988187134,-2.839655262543077
963,-6.267893956463612e-05,0.00946070195246152,0.0005959682046265809,-0.105171616670237
964,0.00038058955993579497,0.009513748677181353,0.0005993098341855138,0.6350464121000643
965,0.0008815940886996495,0.010186884875792503,0.00064171342894743,1.373812747141171
966,0.00029638453518029994,0.010445103800957478,0.0006579796922759283,0.4504463263221946
967,0.0014961274223997682,0.01073762671703007,0.0006764069039120115,2.2118748548349942
968,-0.0005211099245309961,0.009888662909659727,0.0006229272109025717,-0.8365502668858364
969,0.00035857123321431523,0.010251612754778911,0.0006457909020591139,0.5552435503055332
970,-0.0013324420048692518,0.00930745601413111,0.0005863146179062712,-2.272571694745392
971,9.903077497408036e-05,0.009305281329095175,0.0005861776256256765,0.16894328723034507
972,0.0008237451952385458,0.010812623715483314,0.0006811312707449538,1.209378031253234
973,0.00030683431037855226,0.009636709632899159,0.0006070556463236124,0.5054467613253751
974,-0.0002620702369045721,0.010005443054919487,0.0006302836685794127,-0.4157972829841022
975,-0.0003284833585348348,0.009626058931069813,0.0006063847151729278,-0.5417078470408979
976,-0.000849806198560705,0.009779449555178047,0.0006160474162405319,-1.379449334836433
977,0.00039360144323830656,0.010126008028334054,0.0006378785480194142,0.6170476252264987
978,0.0002042454172669624,0.010174698646544368,0.0006409457686614732,0.31866255657401527
979,0.002068190215979975,0.009773086083953726,0.0006156465552325637,3.359379173653794
980,-9.850133314826781e-05,0.009469575369562458,0.0005965271773629721,-0.16512463620468407
981,-0.00019140689123407987,0.010232660431018031,0.000644597017882017,-0.2969403920964366
982,0.0004604424766335951,0.010263264742144467,0.0006465249082698026,0.7121805683648107
983,0.00012316198558797099,0.00912105664548978,0.0005745725613833091,0.21435410227640006
984,0.00012872536566861973,0.010127054466450822,0.0006379444674246376,0.20178145942432907
985,0.0006335811990035714,0.009766840481476934,0.0006152531192577693,1.0297894950421587
986,-0.0004949167166496209,0.010033445419408232,0.0006320476517355795,-0.7830370309747974
987,-0.00021587590183610588,0.009220818504372145,0.0005808569677864581,-0.3716507054374682
988,0.0010949710941360509,0.010479439848474246,0.0006601426599600773,1.6586885843770043
989,0.0008270637752810775,0.009658844546719654,0.0006084500148298236,1.3592961707994986
990,-0.002318947987870606,0.008811657669710423,0.0005550822579116359,-4.177665480779539
991,0.00028011779035863035,0.009863579780304008,0.0006213471222745122,0.4508233486834656
992,-0.0007653321432046509,0.009635688206571803,0.0006069913025130229,-1.2608617949484224
993,0.0012821399054765426,0.010689270562549357,0.0006733607525045022,1.9040906389446421
994,-2.537060955056746e-05,0.009461781272543575,0.000596036195400918,-0.04256555180093076
995,0.00022357721682331587,0.010203467717006401,0.0006427580497541645,0.34784039952331575
996,0.0003505483385619856,0.00932102116505474,0.0005871691420929612,0.5970142390529207
997,0.0008906779901093384,0.009771572304483543,0.0006155511960892804,1.4469600510371736
998,0.0016206500804881363,0.010184051597807695,0.000641534949210694,2.526207001632704
999,-0.0009329752533500357,0.01036793288292438,0.0006531183813815918,-1.4284933328264946
1000,0.0007440491845962844,0.00979428479483408,0.0006169819484969584,1.2059496820107574
